_id,flight_iata,flight_icao,dep_iata,dep_icao,dep_terminal,dep_gate,dep_time,arr_iata,arr_icao,arr_time,status,duration,delayed,__v
63189a58ddaca31c0f993cac,EK2363,UAE2363,DXB,OMDB,3,B3,2022-09-07 09:50,TLV,LLBG,2022-09-07 12:20,landed,210,0,0
63189a58ddaca31c0f993cad,FZ1209,FDB1209,DXB,OMDB,3,B3,2022-09-07 09:50,TLV,LLBG,2022-09-07 12:20,landed,210,0,0
63189a58ddaca31c0f993cae,BZ111,BBG111,LCA,LCLK,,,2022-09-07 12:00,TLV,LLBG,2022-09-07 13:00,active,60,0,0
63189a58ddaca31c0f993caf,XQ880,SXS880,ADB,LTBJ,I,114,2022-09-07 11:15,TLV,LLBG,2022-09-07 13:00,landed,105,32,0
63189a58ddaca31c0f993cb0,BZ753,BBG753,HER,LGIR,,,2022-09-07 11:20,TLV,LLBG,2022-09-07 13:00,landed,100,0,0
63189a58ddaca31c0f993cb1,TK794,THY794,IST,LTFM,,,2022-09-07 11:20,TLV,LLBG,2022-09-07 13:25,landed,125,0,0
63189a58ddaca31c0f993cb2,W64547,WZZ4547,VAR,LBWN,,,2022-09-07 11:50,TLV,LLBG,2022-09-07 13:55,landed,125,8,0
63189a58ddaca31c0f993cb3,LY26,ELY26,EWR,KEWR,B,,2022-09-06 21:00,TLV,LLBG,2022-09-07 14:25,landed,625,38,0
63189a58ddaca31c0f993cb4,IZ162,AIZ162,LCA,LCLK,,,2022-09-07 13:30,TLV,LLBG,2022-09-07 14:30,landed,60,0,0
63189a58ddaca31c0f993cb5,QS162,TVS162,LCA,LCLK,,,2022-09-07 13:30,TLV,LLBG,2022-09-07 14:30,landed,60,0,0
63189a58ddaca31c0f993cb6,PC783,PGT783,SAW,LTFJ,,201B,2022-09-07 13:10,TLV,LLBG,2022-09-07 15:15,landed,125,0,0
63189a58ddaca31c0f993cb7,IZ336,AIZ336,FCO,LIRF,3,,2022-09-07 11:05,TLV,LLBG,2022-09-07 15:25,landed,200,0,0
63189a58ddaca31c0f993cb8,U8336,CYF336,FCO,LIRF,3,,2022-09-07 11:05,TLV,LLBG,2022-09-07 15:25,landed,200,0,0
63189a58ddaca31c0f993cb9,FR5525,RYR5525,SKG,LGTS,,,2022-09-07 13:25,TLV,LLBG,2022-09-07 15:40,active,135,56,0
63189a58ddaca31c0f993cba,TK786,THY786,IST,LTFM,,,2022-09-07 13:40,TLV,LLBG,2022-09-07 15:45,landed,125,0,0
63189a58ddaca31c0f993cbb,LH680,DLH680,MUC,EDDM,2,,2022-09-07 11:25,TLV,LLBG,2022-09-07 16:05,active,220,43,0
63189a58ddaca31c0f993cbc,SN7171,BEL7171,MUC,EDDM,2,,2022-09-07 11:25,TLV,LLBG,2022-09-07 16:05,active,220,43,0
63189a58ddaca31c0f993cbd,UA9471,UAL9471,MUC,EDDM,2,,2022-09-07 11:25,TLV,LLBG,2022-09-07 16:05,active,220,43,0
63189a58ddaca31c0f993cbe,U6889,SVR889,ZIA,UUBW,,,2022-09-07 11:55,TLV,LLBG,2022-09-07 16:10,cancelled,255,0,0
63189a58ddaca31c0f993cbf,UA90,UAL90,EWR,KEWR,C,138,2022-09-06 23:05,TLV,LLBG,2022-09-07 16:20,active,615,8,0
63189a58ddaca31c0f993cc0,AA8375,AAL8375,CDG,LFPG,2C,C85,2022-09-07 11:10,TLV,LLBG,2022-09-07 16:35,active,265,0,0
63189a58ddaca31c0f993cc1,LY320,ELY320,CDG,LFPG,2C,C85,2022-09-07 11:10,TLV,LLBG,2022-09-07 16:35,active,265,0,0
63189a58ddaca31c0f993cc2,TK7666,THY7666,SAW,LTFJ,,301A,2022-09-07 14:50,TLV,LLBG,2022-09-07 16:45,active,115,0,0
63189a58ddaca31c0f993cc3,AA8386,AAL8386,MXP,LIMC,1,,2022-09-07 12:10,TLV,LLBG,2022-09-07 16:55,active,225,0,0
63189a58ddaca31c0f993cc4,LY382,ELY382,MXP,LIMC,1,,2022-09-07 12:10,TLV,LLBG,2022-09-07 16:55,active,225,0,0
63189a58ddaca31c0f993cc5,AA8392,AAL8392,MAD,LEMD,4S,,2022-09-07 11:15,TLV,LLBG,2022-09-07 16:55,active,280,0,0
63189a58ddaca31c0f993cc6,AM7859,AMX7859,MAD,LEMD,4S,,2022-09-07 11:15,TLV,LLBG,2022-09-07 16:55,active,280,0,0
63189a58ddaca31c0f993cc7,AR7872,ARG7872,MAD,LEMD,4S,,2022-09-07 11:15,TLV,LLBG,2022-09-07 16:55,active,280,0,0
63189a58ddaca31c0f993cc8,IB2395,IBE2395,MAD,LEMD,4S,,2022-09-07 11:15,TLV,LLBG,2022-09-07 16:55,active,280,0,0
63189a58ddaca31c0f993cc9,LY396,ELY396,MAD,LEMD,4S,,2022-09-07 11:15,TLV,LLBG,2022-09-07 16:55,active,280,0,0
63189a58ddaca31c0f993cca,LX252,SWR252,ZRH,LSZH,2,E52,2022-09-07 11:55,TLV,LLBG,2022-09-07 16:55,active,240,33,0
63189a58ddaca31c0f993ccb,BZ5036,BBG5036,RHO,LGRP,,,2022-09-07 15:45,TLV,LLBG,2022-09-07 17:15,scheduled,90,0,0
63189a58ddaca31c0f993ccc,LY8,ELY8,JFK,KJFK,4,,2022-09-06 23:50,TLV,LLBG,2022-09-07 17:20,active,630,0,0
63189a58ddaca31c0f993ccd,TO3458,TVF3458,ORY,LFPO,ORLY 3,D19,2022-09-07 11:40,TLV,LLBG,2022-09-07 17:25,active,285,0,0
63189a58ddaca31c0f993cce,AA8394,AAL8394,ZRH,LSZH,2,E58,2022-09-07 12:30,TLV,LLBG,2022-09-07 17:25,active,235,0,0
63189a58ddaca31c0f993ccf,LY348,ELY348,ZRH,LSZH,2,E58,2022-09-07 12:30,TLV,LLBG,2022-09-07 17:25,active,235,0,0
63189a58ddaca31c0f993cd0,FR2210,RYR2210,TSF,LIPH,,,2022-09-07 13:25,TLV,LLBG,2022-09-07 17:55,active,210,25,0
63189a58ddaca31c0f993cd1,,MAY2210,TSF,LIPH,,,2022-09-07 13:25,TLV,LLBG,2022-09-07 17:55,active,210,25,0
63189a58ddaca31c0f993cd2,LY338,ELY338,AMS,EHAM,3,G8,2022-09-07 12:40,TLV,LLBG,2022-09-07 18:00,active,260,13,0
63189a58ddaca31c0f993cd3,EK931,UAE931,DXB,OMDB,3,B29,2022-09-07 15:50,TLV,LLBG,2022-09-07 18:00,active,190,0,0
63189a58ddaca31c0f993cd4,LY544,ELY544,ATH,LGAV,,,2022-09-07 16:05,TLV,LLBG,2022-09-07 18:05,scheduled,120,0,0
63189a58ddaca31c0f993cd5,RJ344,RJA344,AMM,OJAI,,,2022-09-07 17:30,TLV,LLBG,2022-09-07 18:15,scheduled,45,0,0
63189a58ddaca31c0f993cd6,U23737,EZY3737,CDG,LFPG,2B,,2022-09-07 12:35,TLV,LLBG,2022-09-07 18:15,active,280,8,0
63189a58ddaca31c0f993cd7,CY110,CYP110,LCA,LCLK,,,2022-09-07 17:20,TLV,LLBG,2022-09-07 18:20,scheduled,60,0,0
63189a58ddaca31c0f993cd8,BZ751,BBG751,HER,LGIR,,,2022-09-07 16:50,TLV,LLBG,2022-09-07 18:30,scheduled,100,0,0
63189a58ddaca31c0f993cd9,BZ777,BBG777,JTR,LGSR,,,2022-09-07 16:40,TLV,LLBG,2022-09-07 18:30,scheduled,110,0,0
63189a58ddaca31c0f993cda,A3924,AEE924,ATH,LGAV,,,2022-09-07 16:50,TLV,LLBG,2022-09-07 18:50,scheduled,120,0,0
63189a58ddaca31c0f993cdb,FB1519,LZB1519,ATH,LGAV,,,2022-09-07 16:50,TLV,LLBG,2022-09-07 18:50,scheduled,120,0,0
63189a58ddaca31c0f993cdc,JU7619,ASL7619,ATH,LGAV,,,2022-09-07 16:50,TLV,LLBG,2022-09-07 18:50,scheduled,120,0,0
63189a58ddaca31c0f993cdd,MS593,MSR593,CAI,HECA,3,,2022-09-07 16:25,TLV,LLBG,2022-09-07 18:50,scheduled,85,0,0
63189a58ddaca31c0f993cde,W62811,WZZ2811,VIE,LOWW,,D21,2022-09-07 14:35,TLV,LLBG,2022-09-07 19:00,active,205,0,0
63189a58ddaca31c0f993cdf,JU8257,ASL8257,IST,LTFM,,,2022-09-07 17:00,TLV,LLBG,2022-09-07 19:05,scheduled,125,0,0
63189a58ddaca31c0f993ce0,TK836,THY836,IST,LTFM,,,2022-09-07 17:00,TLV,LLBG,2022-09-07 19:05,scheduled,125,0,0
63189a58ddaca31c0f993ce1,AC9617,ACA9617,FRA,EDDF,1,C4,2022-09-07 14:00,TLV,LLBG,2022-09-07 19:05,active,245,4,0
63189a58ddaca31c0f993ce2,LH694,DLH694,FRA,EDDF,1,C4,2022-09-07 14:00,TLV,LLBG,2022-09-07 19:05,active,245,4,0
63189a58ddaca31c0f993ce3,SN7167,BEL7167,FRA,EDDF,1,C4,2022-09-07 14:00,TLV,LLBG,2022-09-07 19:05,active,245,4,0
63189a58ddaca31c0f993ce4,UA9240,UAL9240,FRA,EDDF,1,C4,2022-09-07 14:00,TLV,LLBG,2022-09-07 19:05,active,245,4,0
63189a58ddaca31c0f993ce5,FR8695,RYR8695,NAP,LIRN,,B15,2022-09-07 15:15,TLV,LLBG,2022-09-07 19:30,scheduled,195,5,0
63189a58ddaca31c0f993ce6,,MAY8695,NAP,LIRN,,B15,2022-09-07 15:15,TLV,LLBG,2022-09-07 19:30,scheduled,195,5,0
63189a58ddaca31c0f993ce7,LY2432,ELY2432,LCA,LCLK,,,2022-09-07 18:30,TLV,LLBG,2022-09-07 19:35,scheduled,65,0,0
63189a58ddaca31c0f993ce8,U22085,EZY2085,LTN,EGGW,,,2022-09-07 12:30,TLV,LLBG,2022-09-07 19:35,active,305,15,0
63189a58ddaca31c0f993ce9,FR7413,RYR7413,CHQ,LGSA,,14,2022-09-07 17:55,TLV,LLBG,2022-09-07 19:45,scheduled,110,0,0
63189a58ddaca31c0f993cea,LY282,ELY282,MXP,LIMC,1,,2022-09-07 15:00,TLV,LLBG,2022-09-07 19:45,active,225,0,0
63189a58ddaca31c0f993ceb,UA954,UAL954,SFO,KSFO,INTL,G1,2022-09-06 20:05,TLV,LLBG,2022-09-07 20:00,active,835,0,0
63189a58ddaca31c0f993cec,U6887,SVR887,LED,ULLI,,,2022-09-07 15:05,TLV,LLBG,2022-09-07 20:05,cancelled,300,0,0
63189a58ddaca31c0f993ced,AA8376,AAL8376,CDG,LFPG,2A,A44,2022-09-07 14:45,TLV,LLBG,2022-09-07 20:05,active,260,3,0
63189a58ddaca31c0f993cee,AM7862,AMX7862,CDG,LFPG,2A,A44,2022-09-07 14:45,TLV,LLBG,2022-09-07 20:05,active,260,3,0
63189a58ddaca31c0f993cef,LY324,ELY324,CDG,LFPG,2A,A44,2022-09-07 14:45,TLV,LLBG,2022-09-07 20:05,active,260,3,0
63189a58ddaca31c0f993cf0,LO155,LOT155,WAW,EPWA,A,10N,2022-09-07 15:20,TLV,LLBG,2022-09-07 20:10,scheduled,230,50,0
63189a58ddaca31c0f993cf1,LY9252,ELY9252,WAW,EPWA,A,10N,2022-09-07 15:20,TLV,LLBG,2022-09-07 20:10,scheduled,230,50,0
63189a58ddaca31c0f993cf2,FR7295,RYR7295,VIE,LOWW,,D21,2022-09-07 15:50,TLV,LLBG,2022-09-07 20:10,scheduled,200,0,0
63189a58ddaca31c0f993cf3,,MAY7295,VIE,LOWW,,D21,2022-09-07 15:50,TLV,LLBG,2022-09-07 20:10,scheduled,200,0,0
63189a58ddaca31c0f993cf4,AI139,AIC139,DEL,VIDP,T3,7,2022-09-07 16:25,TLV,LLBG,2022-09-07 20:15,active,380,0,0
63189a58ddaca31c0f993cf5,JU8254,ASL8254,IST,LTFM,,,2022-09-07 18:20,TLV,LLBG,2022-09-07 20:20,scheduled,120,0,0
63189a58ddaca31c0f993cf6,TK788,THY788,IST,LTFM,,,2022-09-07 18:20,TLV,LLBG,2022-09-07 20:20,scheduled,120,0,0
63189a58ddaca31c0f993cf7,W62327,WZZ2327,BUD,LHBP,2B,,2022-09-07 16:10,TLV,LLBG,2022-09-07 20:25,scheduled,195,0,0
63189a58ddaca31c0f993cf8,A9699,TGZ699,TBS,UGTB,,,2022-09-07 18:50,TLV,LLBG,2022-09-07 20:30,scheduled,160,0,0
63189a58ddaca31c0f993cf9,U8102,CYF102,LCA,LCLK,,,2022-09-07 19:35,TLV,LLBG,2022-09-07 20:35,scheduled,60,0,0
63189a58ddaca31c0f993cfa,W68093,WZZ8093,VNO,EYVI,,,2022-09-07 16:50,TLV,LLBG,2022-09-07 20:55,scheduled,245,0,0
63189a58ddaca31c0f993cfb,TK7710,THY7710,SAW,LTFJ,,,2022-09-07 19:10,TLV,LLBG,2022-09-07 21:05,scheduled,115,0,0
63189a58ddaca31c0f993cfc,XQ7710,SXS7710,SAW,LTFJ,,,2022-09-07 19:10,TLV,LLBG,2022-09-07 21:05,scheduled,115,0,0
63189a58ddaca31c0f993cfd,W94451,WUK4451,LTN,EGGW,,,2022-09-07 14:00,TLV,LLBG,2022-09-07 21:05,scheduled,305,0,0
63189a58ddaca31c0f993cfe,W95751,WUK5751,LGW,EGKK,S,,2022-09-07 14:05,TLV,LLBG,2022-09-07 21:10,scheduled,305,60,0
63189a58ddaca31c0f993cff,FR1700,RYR1700,PFO,LCPH,,,2022-09-07 20:10,TLV,LLBG,2022-09-07 21:15,scheduled,65,0,0
63189a58ddaca31c0f993d00,LY974,ELY974,DXB,OMDB,1,,2022-09-07 19:20,TLV,LLBG,2022-09-07 21:40,scheduled,200,0,0
63189a58ddaca31c0f993d01,TK7782,THY7782,AYT,LTAI,1,,2022-09-07 20:15,TLV,LLBG,2022-09-07 21:45,scheduled,90,0,0
63189a58ddaca31c0f993d02,FR2823,RYR2823,ATH,LGAV,,,2022-09-07 19:55,TLV,LLBG,2022-09-07 21:55,scheduled,120,0,0
63189a58ddaca31c0f993d03,0B169,BLA169,OTP,LROP,,,2022-09-07 19:20,TLV,LLBG,2022-09-07 21:55,cancelled,155,0,0
63189a58ddaca31c0f993d04,W29375,FXT9375,OTP,LROP,,,2022-09-07 19:20,TLV,LLBG,2022-09-07 21:55,cancelled,155,0,0
63189a58ddaca31c0f993d05,AA8396,AAL8396,LHR,EGLL,4,,2022-09-07 15:15,TLV,LLBG,2022-09-07 22:00,scheduled,285,0,0
63189a58ddaca31c0f993d06,LY316,ELY316,LHR,EGLL,4,,2022-09-07 15:15,TLV,LLBG,2022-09-07 22:00,scheduled,285,0,0
63189a58ddaca31c0f993d07,LY9110,ELY9110,LIS,LPPT,1,,2022-09-07 14:50,TLV,LLBG,2022-09-07 22:15,scheduled,325,0,0
63189a58ddaca31c0f993d08,TP1603,TAP1603,LIS,LPPT,1,,2022-09-07 14:50,TLV,LLBG,2022-09-07 22:15,scheduled,325,0,0
63189a58ddaca31c0f993d09,LY5194,ELY5194,SSH,HESH,2,,2022-09-07 20:00,TLV,LLBG,2022-09-07 22:15,scheduled,75,0,0
63189a58ddaca31c0f993d0a,PC785,PGT785,SAW,LTFJ,,,2022-09-07 20:25,TLV,LLBG,2022-09-07 22:30,scheduled,125,0,0
63189a58ddaca31c0f993d0b,AA8778,AAL8778,MAD,LEMD,4S,,2022-09-07 16:55,TLV,LLBG,2022-09-07 22:45,scheduled,290,0,0
63189a58ddaca31c0f993d0c,IB3316,IBE3316,MAD,LEMD,4S,,2022-09-07 16:55,TLV,LLBG,2022-09-07 22:45,scheduled,290,0,0
63189a58ddaca31c0f993d0d,LY8396,ELY8396,MAD,LEMD,4S,,2022-09-07 16:55,TLV,LLBG,2022-09-07 22:45,scheduled,290,0,0
63189a58ddaca31c0f993d0e,VY5269,VLG5269,MAD,LEMD,4S,,2022-09-07 16:55,TLV,LLBG,2022-09-07 22:45,scheduled,290,0,0
63189a58ddaca31c0f993d0f,HM22,SEY22,SEZ,FSIA,I,,2022-09-07 17:30,TLV,LLBG,2022-09-07 22:50,scheduled,380,0,0
63189a58ddaca31c0f993d10,AY1979,FIN1979,HEL,EFHK,,,2022-09-07 18:25,TLV,LLBG,2022-09-07 22:55,scheduled,270,0,0
63189a58ddaca31c0f993d11,EK2367,UAE2367,DXB,OMDB,3,B4,2022-09-07 20:25,TLV,LLBG,2022-09-07 22:55,scheduled,210,0,0
63189a58ddaca31c0f993d12,FZ1627,FDB1627,DXB,OMDB,3,B4,2022-09-07 20:25,TLV,LLBG,2022-09-07 22:55,scheduled,210,0,0
63189a58ddaca31c0f993d13,RO153,ROT153,OTP,LROP,,,2022-09-07 20:20,TLV,LLBG,2022-09-07 22:55,scheduled,155,0,0
63189a58ddaca31c0f993d14,JU8255,ASL8255,IST,LTFM,,,2022-09-07 20:50,TLV,LLBG,2022-09-07 23:00,scheduled,130,0,0
63189a58ddaca31c0f993d15,TK790,THY790,IST,LTFM,,,2022-09-07 20:50,TLV,LLBG,2022-09-07 23:00,scheduled,130,0,0
63189a58ddaca31c0f993d16,LH690,DLH690,FRA,EDDF,1,C4,2022-09-07 18:00,TLV,LLBG,2022-09-07 23:05,scheduled,245,0,0
63189a58ddaca31c0f993d17,SN7169,BEL7169,FRA,EDDF,1,C4,2022-09-07 18:00,TLV,LLBG,2022-09-07 23:05,scheduled,245,0,0
63189a58ddaca31c0f993d18,UA9122,UAL9122,FRA,EDDF,1,C4,2022-09-07 18:00,TLV,LLBG,2022-09-07 23:05,scheduled,245,0,0
63189a58ddaca31c0f993d19,BZ701,BBG701,ATH,LGAV,,,2022-09-07 21:30,TLV,LLBG,2022-09-07 23:30,scheduled,120,0,0
63189a58ddaca31c0f993d1a,EK2345,UAE2345,DXB,OMDB,3,B5,2022-09-07 21:00,TLV,LLBG,2022-09-07 23:35,scheduled,215,0,0
63189a58ddaca31c0f993d1b,FZ1807,FDB1807,DXB,OMDB,3,B5,2022-09-07 21:00,TLV,LLBG,2022-09-07 23:35,scheduled,215,0,0
63189a58ddaca31c0f993d1c,AA7027,AAL7027,LHR,EGLL,5,,2022-09-07 16:55,TLV,LLBG,2022-09-07 23:55,scheduled,300,0,0
63189a58ddaca31c0f993d1d,BA167,BAW167,LHR,EGLL,5,,2022-09-07 16:55,TLV,LLBG,2022-09-07 23:55,scheduled,300,0,0
63189a58ddaca31c0f993d1e,TO3440,TVF3440,ORY,LFPO,ORLY 3,D14,2022-09-07 18:30,TLV,LLBG,2022-09-08 00:15,scheduled,285,0,0
63189a58ddaca31c0f993d1f,LH684,DLH684,MUC,EDDM,2,,2022-09-07 19:35,TLV,LLBG,2022-09-08 00:15,scheduled,220,0,0
63189a58ddaca31c0f993d20,SN7097,BEL7097,MUC,EDDM,2,,2022-09-07 19:35,TLV,LLBG,2022-09-08 00:15,scheduled,220,0,0
63189a58ddaca31c0f993d21,PC779,PGT779,SAW,LTFJ,,,2022-09-07 22:10,TLV,LLBG,2022-09-08 00:15,scheduled,125,0,0
63189a58ddaca31c0f993d22,LY352,ELY352,MUC,EDDM,1,,2022-09-07 20:00,TLV,LLBG,2022-09-08 00:40,scheduled,220,0,0
63189a58ddaca31c0f993d23,OS859,AUA859,VIE,LOWW,3,,2022-09-07 20:15,TLV,LLBG,2022-09-08 00:40,scheduled,205,0,0
63189a58ddaca31c0f993d24,S74485,SBI4485,DME,UUDD,,,2022-09-07 18:55,TLV,LLBG,2022-09-08 00:50,scheduled,355,0,0
63189a58ddaca31c0f993d25,LY614,ELY614,DME,UUDD,,,2022-09-07 18:55,TLV,LLBG,2022-09-08 00:50,scheduled,355,0,0
63189a58ddaca31c0f993d26,LY332,ELY332,BRU,EBBR,,,2022-09-07 19:30,TLV,LLBG,2022-09-08 00:55,scheduled,265,0,0
63189a58ddaca31c0f993d27,LY572,ELY572,OTP,LROP,,,2022-09-07 22:20,TLV,LLBG,2022-09-08 00:55,scheduled,155,0,0
63189a58ddaca31c0f993d28,A3456,AEE456,HER,LGIR,,,2022-09-07 23:55,TLV,LLBG,2022-09-08 01:50,scheduled,115,0,0
63189a58ddaca31c0f993d29,A3458,AEE458,HER,LGIR,,,2022-09-07 23:59,TLV,LLBG,2022-09-08 01:50,scheduled,111,0,0
63189a58ddaca31c0f993d2a,IZ748,AIZ748,CDG,LFPG,2A,A43,2022-09-07 20:25,TLV,LLBG,2022-09-08 01:55,scheduled,270,0,0
63189a58ddaca31c0f993d2b,QS748,TVS748,CDG,LFPG,2A,A43,2022-09-07 20:25,TLV,LLBG,2022-09-08 01:55,scheduled,270,0,0
63189a58ddaca31c0f993d2c,LY364,ELY364,VIE,LOWW,3,,2022-09-07 21:35,TLV,LLBG,2022-09-08 02:00,scheduled,205,0,0
63189a58ddaca31c0f993d2d,A3928,AEE928,ATH,LGAV,,,2022-09-07 23:55,TLV,LLBG,2022-09-08 02:00,scheduled,125,0,0
63189a58ddaca31c0f993d2e,JU7622,ASL7622,ATH,LGAV,,,2022-09-07 23:55,TLV,LLBG,2022-09-08 02:00,scheduled,125,0,0
63189a58ddaca31c0f993d2f,PC787,PGT787,AYT,LTAI,1,,2022-09-08 00:30,TLV,LLBG,2022-09-08 02:05,scheduled,95,0,0
63189a58ddaca31c0f993d30,AA8387,AAL8387,FCO,LIRF,3,,2022-09-07 21:50,TLV,LLBG,2022-09-08 02:10,scheduled,200,0,0
63189a58ddaca31c0f993d31,AR7874,ARG7874,FCO,LIRF,3,,2022-09-07 21:50,TLV,LLBG,2022-09-08 02:10,scheduled,200,0,0
63189a58ddaca31c0f993d32,LY384,ELY384,FCO,LIRF,3,,2022-09-07 21:50,TLV,LLBG,2022-09-08 02:10,scheduled,200,0,0
63189a58ddaca31c0f993d33,TP8897,TAP8897,FCO,LIRF,3,,2022-09-07 21:50,TLV,LLBG,2022-09-08 02:10,scheduled,200,0,0
63189a58ddaca31c0f993d34,TK810,THY810,IST,LTFM,,,2022-09-08 00:10,TLV,LLBG,2022-09-08 02:10,scheduled,120,0,0
63189a58ddaca31c0f993d35,AF984,AFR984,CDG,LFPG,2E,,2022-09-07 21:10,TLV,LLBG,2022-09-08 02:30,scheduled,260,0,0
63189a58ddaca31c0f993d36,DL8263,DAL8263,CDG,LFPG,2E,,2022-09-07 21:10,TLV,LLBG,2022-09-08 02:30,scheduled,260,0,0
63189a58ddaca31c0f993d37,KL2059,KLM2059,CDG,LFPG,2E,,2022-09-07 21:10,TLV,LLBG,2022-09-08 02:30,scheduled,260,0,0
63189a58ddaca31c0f993d38,LY290,ELY290,VCE,LIPZ,,,2022-09-07 22:10,TLV,LLBG,2022-09-08 02:35,scheduled,205,0,0
63189a58ddaca31c0f993d39,AF8425,AFR8425,AMS,EHAM,2,E4,2022-09-07 21:05,TLV,LLBG,2022-09-08 02:35,scheduled,270,0,0
63189a58ddaca31c0f993d3a,DL9575,DAL9575,AMS,EHAM,2,E4,2022-09-07 21:05,TLV,LLBG,2022-09-08 02:35,scheduled,270,0,0
63189a58ddaca31c0f993d3b,KL461,KLM461,AMS,EHAM,2,E4,2022-09-07 21:05,TLV,LLBG,2022-09-08 02:35,scheduled,270,0,0
63189a58ddaca31c0f993d3c,KQ1461,KQA1461,AMS,EHAM,2,E4,2022-09-07 21:05,TLV,LLBG,2022-09-08 02:35,scheduled,270,0,0
63189a58ddaca31c0f993d3d,LY224,ELY224,NCE,LFMN,1,,2022-09-07 21:55,TLV,LLBG,2022-09-08 02:40,scheduled,225,0,0
63189a58ddaca31c0f993d3e,NH5155,ANA5155,BRU,EBBR,,,2022-09-07 21:10,TLV,LLBG,2022-09-08 02:40,scheduled,270,0,0
63189a58ddaca31c0f993d3f,SN3293,BEL3293,BRU,EBBR,,,2022-09-07 21:10,TLV,LLBG,2022-09-08 02:40,scheduled,270,0,0
63189a58ddaca31c0f993d40,LY692,ELY692,TBS,UGTB,,,2022-09-08 01:10,TLV,LLBG,2022-09-08 02:45,scheduled,155,0,0
63189a58ddaca31c0f993d41,AM7850,AMX7850,AMS,EHAM,3,G8,2022-09-07 21:30,TLV,LLBG,2022-09-08 03:05,scheduled,275,0,0
63189a58ddaca31c0f993d42,LY336,ELY336,AMS,EHAM,3,G8,2022-09-07 21:30,TLV,LLBG,2022-09-08 03:05,scheduled,275,0,0
63189a58ddaca31c0f993d43,LY2524,ELY2524,PRG,LKPR,1,A2,2022-09-07 22:15,TLV,LLBG,2022-09-08 03:05,scheduled,230,0,0
63189a58ddaca31c0f993d44,TK792,THY792,IST,LTFM,,,2022-09-08 01:25,TLV,LLBG,2022-09-08 03:30,scheduled,125,0,0
63189a58ddaca31c0f993d45,LX256,SWR256,ZRH,LSZH,,,2022-09-07 22:45,TLV,LLBG,2022-09-08 03:35,scheduled,230,0,0
63189a58ddaca31c0f993d46,LY2368,ELY2368,BUD,LHBP,2B,,2022-09-07 23:30,TLV,LLBG,2022-09-08 03:40,scheduled,190,0,0
63189a58ddaca31c0f993d47,LY388,ELY388,MXP,LIMC,1,,2022-09-07 22:55,TLV,LLBG,2022-09-08 03:40,scheduled,225,0,0
63189a58ddaca31c0f993d48,TP8901,TAP8901,MXP,LIMC,1,,2022-09-07 22:55,TLV,LLBG,2022-09-08 03:40,scheduled,225,0,0
63189a58ddaca31c0f993d49,LO151,LOT151,WAW,EPWA,A,10N,2022-09-07 22:55,TLV,LLBG,2022-09-08 03:45,scheduled,230,0,0
63189a58ddaca31c0f993d4a,AZ810,ITY810,FCO,LIRF,1,E18,2022-09-07 23:30,TLV,LLBG,2022-09-08 03:50,scheduled,200,0,0
63189a58ddaca31c0f993d4b,FB1772,LZB1772,FCO,LIRF,1,E18,2022-09-07 23:30,TLV,LLBG,2022-09-08 03:50,scheduled,200,0,0
63189a58ddaca31c0f993d4c,JU7381,ASL7381,FCO,LIRF,1,E18,2022-09-07 23:30,TLV,LLBG,2022-09-08 03:50,scheduled,200,0,0
63189a58ddaca31c0f993d4d,NO3234,NOS3234,MXP,LIMC,1,,2022-09-07 23:15,TLV,LLBG,2022-09-08 04:00,scheduled,225,0,0
63189a58ddaca31c0f993d4e,ET404,ETH404,ADD,HAAB,2,A14,2022-09-07 23:55,TLV,LLBG,2022-09-08 04:00,scheduled,245,0,0
63189a58ddaca31c0f993d4f,LY8804,ELY8804,ADD,HAAB,2,A14,2022-09-07 23:55,TLV,LLBG,2022-09-08 04:00,scheduled,245,0,0
63189a58ddaca31c0f993d50,AM7854,AMX7854,CDG,LFPG,2A,A43,2022-09-07 22:40,TLV,LLBG,2022-09-08 04:05,scheduled,265,0,0
63189a58ddaca31c0f993d51,LY326,ELY326,CDG,LFPG,2A,A43,2022-09-07 22:40,TLV,LLBG,2022-09-08 04:05,scheduled,265,0,0
63189a58ddaca31c0f993d52,IB5774,IBE5774,BCN,LEBL,1,,2022-09-07 23:00,TLV,LLBG,2022-09-08 04:20,scheduled,260,0,0
63189a58ddaca31c0f993d53,VY7844,VLG7844,BCN,LEBL,1,,2022-09-07 23:00,TLV,LLBG,2022-09-08 04:20,scheduled,260,0,0
63189a58ddaca31c0f993d54,6H7768,ISR7768,PRG,LKPR,1,B2,2022-09-07 23:45,TLV,LLBG,2022-09-08 04:35,scheduled,230,0,0
63189a58ddaca31c0f993d55,OK5288,CSA5288,PRG,LKPR,1,B2,2022-09-07 23:45,TLV,LLBG,2022-09-08 04:35,scheduled,230,0,0
63189a58ddaca31c0f993d56,QS1286,TVS1286,PRG,LKPR,1,B2,2022-09-07 23:45,TLV,LLBG,2022-09-08 04:35,scheduled,230,0,0
63189a58ddaca31c0f993d57,AM7698,AMX7698,LHR,EGLL,3,,2022-09-07 21:50,TLV,LLBG,2022-09-08 04:45,scheduled,295,0,0
63189a58ddaca31c0f993d58,DL5937,DAL5937,LHR,EGLL,3,,2022-09-07 21:50,TLV,LLBG,2022-09-08 04:45,scheduled,295,0,0
63189a58ddaca31c0f993d59,VS453,VIR453,LHR,EGLL,3,,2022-09-07 21:50,TLV,LLBG,2022-09-08 04:45,scheduled,295,0,0
63189a58ddaca31c0f993d5a,AA8397,AAL8397,LHR,EGLL,4,,2022-09-07 22:20,TLV,LLBG,2022-09-08 05:15,scheduled,295,0,0
63189a58ddaca31c0f993d5b,AM7876,AMX7876,LHR,EGLL,4,,2022-09-07 22:20,TLV,LLBG,2022-09-08 05:15,scheduled,295,0,0
63189a58ddaca31c0f993d5c,LY318,ELY318,LHR,EGLL,4,,2022-09-07 22:20,TLV,LLBG,2022-09-08 05:15,scheduled,295,0,0
63189a58ddaca31c0f993d5d,AT9332,RAM9332,RAK,GMMX,1,,2022-09-07 21:45,TLV,LLBG,2022-09-08 05:20,scheduled,335,0,0
63189a58ddaca31c0f993d5e,LY554,ELY554,RAK,GMMX,1,,2022-09-07 21:45,TLV,LLBG,2022-09-08 05:20,scheduled,335,0,0
63189a58ddaca31c0f993d5f,LY376,ELY376,LIS,LPPT,1,,2022-09-07 22:30,TLV,LLBG,2022-09-08 05:45,scheduled,315,0,0
63189a58ddaca31c0f993d60,TP8913,TAP8913,LIS,LPPT,1,,2022-09-07 22:30,TLV,LLBG,2022-09-08 05:45,scheduled,315,0,0
63189a58ddaca31c0f993d61,IZ254,AIZ254,LIS,LPPT,1,,2022-09-07 23:35,TLV,LLBG,2022-09-08 06:50,scheduled,315,0,0
63189a58ddaca31c0f993d62,LY82,ELY82,BKK,VTBS,,,2022-09-07 23:55,TLV,LLBG,2022-09-08 06:50,scheduled,655,0,0
63189a58ddaca31c0f993d63,QF5021,QFA5021,BKK,VTBS,,,2022-09-07 23:55,TLV,LLBG,2022-09-08 06:50,scheduled,655,0,0
63189a58ddaca31c0f993d64,TG4583,THA4583,BKK,VTBS,,,2022-09-07 23:55,TLV,LLBG,2022-09-08 06:50,scheduled,655,0,0
63189a58ddaca31c0f993d65,VN3299,HVN3299,BKK,VTBS,,,2022-09-07 23:55,TLV,LLBG,2022-09-08 06:50,scheduled,655,0,0
63189a58ddaca31c0f993d66,LY28,ELY28,EWR,KEWR,B,,2022-09-07 13:30,TLV,LLBG,2022-09-08 06:55,scheduled,625,0,0
63189a58ddaca31c0f993d67,AR7850,ARG7850,MIA,KMIA,S,J5,2022-09-07 12:00,TLV,LLBG,2022-09-08 07:00,scheduled,720,0,0
63189a58ddaca31c0f993d68,LY18,ELY18,MIA,KMIA,S,J5,2022-09-07 12:00,TLV,LLBG,2022-09-08 07:00,scheduled,720,0,0
63189a58ddaca31c0f993d69,W62325,WZZ2325,BUD,LHBP,,,2022-09-08 05:10,TLV,LLBG,2022-09-08 09:15,scheduled,185,0,0
63189a58ddaca31c0f993d6a,UA84,UAL84,EWR,KEWR,C,138,2022-09-07 16:35,TLV,LLBG,2022-09-08 09:55,scheduled,620,0,0
63189a58ddaca31c0f993d6b,AC80,ACA80,YYZ,CYYZ,1,E71,2022-09-07 16:35,TLV,LLBG,2022-09-08 10:00,scheduled,625,0,0
63189a58ddaca31c0f993d6c,UA8198,UAL8198,YYZ,CYYZ,1,E71,2022-09-07 16:35,TLV,LLBG,2022-09-08 10:00,scheduled,625,0,0
63189a58ddaca31c0f993d6d,LO159,LOT159,KRK,EPKK,T,,2022-09-08 05:40,TLV,LLBG,2022-09-08 10:15,scheduled,215,0,0
63189a58ddaca31c0f993d6e,LY9292,ELY9292,KRK,EPKK,T,,2022-09-08 05:40,TLV,LLBG,2022-09-08 10:15,scheduled,215,0,0
63189a58ddaca31c0f993d6f,W67899,WZZ7899,DEB,LHDC,,,2022-09-08 06:10,TLV,LLBG,2022-09-08 10:20,scheduled,190,0,0
63189a58ddaca31c0f993d70,AM7868,AMX7868,JFK,KJFK,4,,2022-09-07 17:30,TLV,LLBG,2022-09-08 11:00,scheduled,630,0,0
63189a58ddaca31c0f993d71,AR7852,ARG7852,JFK,KJFK,4,,2022-09-07 17:30,TLV,LLBG,2022-09-08 11:00,scheduled,630,0,0
63189a58ddaca31c0f993d72,LY2,ELY2,JFK,KJFK,4,,2022-09-07 17:30,TLV,LLBG,2022-09-08 11:00,scheduled,630,0,0
63189a58ddaca31c0f993d73,W68287,WZZ8287,FCO,LIRF,1,,2022-09-08 06:50,TLV,LLBG,2022-09-08 11:15,scheduled,205,0,0
63189a58ddaca31c0f993d74,AC82,ACA82,YUL,CYUL,,,2022-09-07 18:10,TLV,LLBG,2022-09-08 11:15,scheduled,605,0,0
63189a58ddaca31c0f993d75,UA8108,UAL8108,YUL,CYUL,,,2022-09-07 18:10,TLV,LLBG,2022-09-08 11:15,scheduled,605,0,0
63189a58ddaca31c0f993d76,AM7874,AMX7874,LAX,KLAX,TBIT,,2022-09-07 11:30,TLV,LLBG,2022-09-08 11:25,scheduled,835,0,0
63189a58ddaca31c0f993d77,LY6,ELY6,LAX,KLAX,TBIT,,2022-09-07 11:30,TLV,LLBG,2022-09-08 11:25,scheduled,835,0,0
63189a58ddaca31c0f993d78,U21525,EZY1525,GVA,LSGG,,,2022-09-08 07:05,TLV,LLBG,2022-09-08 12:10,scheduled,245,0,0
63189a58ddaca31c0f993d79,FR2005,RYR2005,BGY,LIME,,,2022-09-08 08:05,TLV,LLBG,2022-09-08 12:50,scheduled,225,0,0
63189a58ddaca31c0f993d7a,,MAY2005,BGY,LIME,,,2022-09-08 08:05,TLV,LLBG,2022-09-08 12:50,scheduled,225,0,0
63189a58ddaca31c0f993d7b,D84545,IBK4545,ARN,ESSA,5,,2022-09-08 07:20,TLV,LLBG,2022-09-08 12:55,scheduled,275,0,0
63189a58ddaca31c0f993d7c,U27933,EZY7933,AMS,EHAM,,,2022-09-08 07:35,TLV,LLBG,2022-09-08 13:15,scheduled,280,0,0
63189a58ddaca31c0f993d7d,AZ806,ITY806,FCO,LIRF,1,,2022-09-08 09:35,TLV,LLBG,2022-09-08 13:55,scheduled,200,0,0
63189a58ddaca31c0f993d7e,DL6672,DAL6672,FCO,LIRF,1,,2022-09-08 09:35,TLV,LLBG,2022-09-08 13:55,scheduled,200,0,0
63189a58ddaca31c0f993d7f,JU7378,ASL7378,FCO,LIRF,1,,2022-09-08 09:35,TLV,LLBG,2022-09-08 13:55,scheduled,200,0,0
63189a58ddaca31c0f993d80,LY2366,ELY2366,BUD,LHBP,2B,,2022-09-08 10:10,TLV,LLBG,2022-09-08 14:20,scheduled,190,0,0
63189a58ddaca31c0f993d81,U22083,EZY2083,LTN,EGGW,,,2022-09-08 07:15,TLV,LLBG,2022-09-08 14:20,scheduled,305,0,0
63189a58ddaca31c0f993d83,AR7876,ARG7876,FCO,LIRF,3,,2022-09-08 10:00,TLV,LLBG,2022-09-08 14:25,scheduled,205,0,0
63189a58ddaca31c0f993d84,LY386,ELY386,FCO,LIRF,3,,2022-09-08 10:00,TLV,LLBG,2022-09-08 14:25,scheduled,205,0,0
63189a58ddaca31c0f993d85,OS857,AUA857,VIE,LOWW,3,,2022-09-08 10:05,TLV,LLBG,2022-09-08 14:30,scheduled,205,0,0
63189a58ddaca31c0f993d86,AF962,AFR962,CDG,LFPG,2E,,2022-09-08 09:15,TLV,LLBG,2022-09-08 14:40,scheduled,265,0,0
63189a58ddaca31c0f993d87,DL8457,DAL8457,CDG,LFPG,2E,,2022-09-08 09:15,TLV,LLBG,2022-09-08 14:40,scheduled,265,0,0
63189a58ddaca31c0f993d88,AA7025,AAL7025,LHR,EGLL,5,,2022-09-08 08:00,TLV,LLBG,2022-09-08 14:50,scheduled,290,0,0
63189a58ddaca31c0f993d89,BA165,BAW165,LHR,EGLL,5,,2022-09-08 08:00,TLV,LLBG,2022-09-08 14:50,scheduled,290,0,0
63189a58ddaca31c0f993d8a,SN3289,BEL3289,BRU,EBBR,,,2022-09-08 09:35,TLV,LLBG,2022-09-08 15:05,scheduled,270,0,0
63189a58ddaca31c0f993d8c,AC9020,ACA9020,FRA,EDDF,1,,2022-09-08 10:20,TLV,LLBG,2022-09-08 15:25,scheduled,245,0,0
63189a58ddaca31c0f993d8d,LH686,DLH686,FRA,EDDF,1,,2022-09-08 10:20,TLV,LLBG,2022-09-08 15:25,scheduled,245,0,0
63189a58ddaca31c0f993d8e,NH5459,ANA5459,FRA,EDDF,1,,2022-09-08 10:20,TLV,LLBG,2022-09-08 15:25,scheduled,245,0,0
63189a58ddaca31c0f993d8f,SN7173,BEL7173,FRA,EDDF,1,,2022-09-08 10:20,TLV,LLBG,2022-09-08 15:25,scheduled,245,0,0
63189a58ddaca31c0f993d90,UA9120,UAL9120,FRA,EDDF,1,,2022-09-08 10:20,TLV,LLBG,2022-09-08 15:25,scheduled,245,0,0
63189a58ddaca31c0f993d92,AA8390,AAL8390,BCN,LEBL,1,,2022-09-08 10:45,TLV,LLBG,2022-09-08 15:55,scheduled,250,0,0
63189a58ddaca31c0f993d93,IB2393,IBE2393,BCN,LEBL,1,,2022-09-08 10:45,TLV,LLBG,2022-09-08 15:55,scheduled,250,0,0
63189a58ddaca31c0f993d94,LY394,ELY394,BCN,LEBL,1,,2022-09-08 10:45,TLV,LLBG,2022-09-08 15:55,scheduled,250,0,0
63189a58ddaca31c0f993d95,TO3452,TVF3452,ORY,LFPO,3,,2022-09-08 10:10,TLV,LLBG,2022-09-08 15:55,scheduled,285,0,0
63189a58ddaca31c0f993d96,LY2372,ELY2372,BER,EDDB,1,,2022-09-08 10:55,TLV,LLBG,2022-09-08 16:00,scheduled,245,0,0
63189a58ddaca31c0f993d98,LY312,ELY312,LTN,EGGW,,,2022-09-08 09:45,TLV,LLBG,2022-09-08 16:35,scheduled,290,0,0
63189a58ddaca31c0f993d99,UA72,UAL72,IAD,KIAD,,8,2022-09-07 23:05,TLV,LLBG,2022-09-08 16:40,scheduled,635,0,0
63189a58ddaca31c0f993d9a,AA146,AAL146,JFK,KJFK,8,46,2022-09-07 23:23,TLV,LLBG,2022-09-08 17:00,scheduled,637,0,0
63189a58ddaca31c0f993d9b,B64498,JBU4498,JFK,KJFK,8,46,2022-09-07 23:23,TLV,LLBG,2022-09-08 17:00,scheduled,637,0,0
63189a58ddaca31c0f993d9c,AM7856,AMX7856,JFK,KJFK,4,,2022-09-07 23:50,TLV,LLBG,2022-09-08 17:20,scheduled,630,0,0
63189a58ddaca31c0f993d9d,AR7856,ARG7856,JFK,KJFK,4,,2022-09-07 23:50,TLV,LLBG,2022-09-08 17:20,scheduled,630,0,0
63189a58ddaca31c0f993d9f,DL234,DAL234,JFK,KJFK,4,B38,2022-09-07 23:50,TLV,LLBG,2022-09-08 17:35,scheduled,645,0,0
63189a58ddaca31c0f993da0,AA52,AAL52,MIA,KMIA,N,D3,2022-09-07 22:45,TLV,LLBG,2022-09-08 18:00,scheduled,735,0,0
63189a58ddaca31c0f993da2,AM7858,AMX7858,JFK,KJFK,4,,2022-09-08 11:00,TLV,LLBG,2022-09-09 04:30,scheduled,630,0,0
63189a58ddaca31c0f993da3,AR7854,ARG7854,JFK,KJFK,4,,2022-09-08 11:00,TLV,LLBG,2022-09-09 04:30,scheduled,630,0,0
63189a58ddaca31c0f993da4,LY4,ELY4,JFK,KJFK,4,,2022-09-08 11:00,TLV,LLBG,2022-09-09 04:30,scheduled,630,0,0
63189a58ddaca31c0f993da5,BZ752,BBG752,TLV,LLBG,,,2022-09-07 09:40,HER,LGIR,2022-09-07 11:30,landed,110,0,0
63189a58ddaca31c0f993da6,BZ802,BBG802,TLV,LLBG,,,2022-09-07 09:40,KGS,LGKO,2022-09-07 11:20,scheduled,100,0,0
63189a58ddaca31c0f993da7,U8107,CYF107,TLV,LLBG,,,2022-09-07 09:40,LCA,LCLK,2022-09-07 10:40,landed,60,55,0
63189a58ddaca31c0f993da8,W64428,WZZ4428,TLV,LLBG,,,2022-09-07 09:40,SOF,LBSF,2022-09-07 12:25,landed,165,51,0
63189a58ddaca31c0f993da9,PC792,PGT792,TLV,LLBG,1,,2022-09-07 10:05,AYT,LTAI,2022-09-07 11:40,landed,95,56,0
63189a58ddaca31c0f993daa,AA8395,AAL8395,TLV,LLBG,3,,2022-09-07 10:10,LHR,EGLL,2022-09-07 13:35,active,325,0,0
63189a58ddaca31c0f993dab,AM7863,AMX7863,TLV,LLBG,3,,2022-09-07 10:10,LHR,EGLL,2022-09-07 13:35,active,325,0,0
63189a58ddaca31c0f993dac,LY315,ELY315,TLV,LLBG,3,,2022-09-07 10:10,LHR,EGLL,2022-09-07 13:35,active,325,0,0
63189a58ddaca31c0f993dad,WZ26,RWZ26,TLV,LLBG,3,,2022-09-07 10:10,MRV,URMM,2022-09-07 13:55,active,225,0,0
63189a58ddaca31c0f993dae,U6826,SVR826,TLV,LLBG,,,2022-09-07 10:20,KRR,URKK,2022-09-07 12:55,cancelled,155,0,0
63189a58ddaca31c0f993daf,JU8253,ASL8253,TLV,LLBG,3,,2022-09-07 10:30,IST,LTFM,2022-09-07 12:50,landed,140,0,0
63189a58ddaca31c0f993db0,TK785,THY785,TLV,LLBG,3,,2022-09-07 10:30,IST,LTFM,2022-09-07 12:50,landed,140,0,0
63189a58ddaca31c0f993db1,LY281,ELY281,TLV,LLBG,3,,2022-09-07 10:40,MXP,LIMC,2022-09-07 13:50,landed,250,0,0
63189a58ddaca31c0f993db2,FR2826,RYR2826,TLV,LLBG,,,2022-09-07 10:45,SOF,LBSF,2022-09-07 13:30,landed,165,41,0
63189a58ddaca31c0f993db3,RR2826,RYS2826,TLV,LLBG,,,2022-09-07 10:45,SOF,LBSF,2022-09-07 13:30,landed,165,41,0
63189a58ddaca31c0f993db4,EK2370,UAE2370,TLV,LLBG,3,,2022-09-07 11:00,DXB,OMDB,2022-09-07 15:20,landed,200,9,0
63189a58ddaca31c0f993db5,FZ1550,FDB1550,TLV,LLBG,3,,2022-09-07 11:00,DXB,OMDB,2022-09-07 15:20,landed,200,9,0
63189a58ddaca31c0f993db6,U6830,SVR830,TLV,LLBG,,,2022-09-07 11:00,AER,URSS,2022-09-07 13:25,cancelled,145,0,0
63189a58ddaca31c0f993db7,PC796,PGT796,TLV,LLBG,,,2022-09-07 11:10,SAW,LTFJ,2022-09-07 13:25,landed,135,0,0
63189a58ddaca31c0f993db8,TK7669,THY7669,TLV,LLBG,3,,2022-09-07 11:15,AYT,LTAI,2022-09-07 12:45,landed,90,48,0
63189a58ddaca31c0f993db9,W62326,WZZ2326,TLV,LLBG,,,2022-09-07 11:15,BUD,LHBP,2022-09-07 13:45,landed,210,33,0
63189a58ddaca31c0f993dba,LO156,LOT156,TLV,LLBG,3,,2022-09-07 11:20,WAW,EPWA,2022-09-07 14:25,active,245,48,0
63189a58ddaca31c0f993dbb,LY9251,ELY9251,TLV,LLBG,3,,2022-09-07 11:20,WAW,EPWA,2022-09-07 14:25,active,245,48,0
63189a58ddaca31c0f993dbc,W65456,WZZ5456,TLV,LLBG,,,2022-09-07 11:20,VCE,LIPZ,2022-09-07 14:10,landed,230,49,0
63189a58ddaca31c0f993dbd,IZ161,AIZ161,TLV,LLBG,1,,2022-09-07 11:30,LCA,LCLK,2022-09-07 12:30,landed,60,70,0
63189a58ddaca31c0f993dbe,QS161,TVS161,TLV,LLBG,1,,2022-09-07 11:30,LCA,LCLK,2022-09-07 12:30,landed,60,70,0
63189a58ddaca31c0f993dbf,W61560,WZZ1560,TLV,LLBG,,,2022-09-07 11:30,WAW,EPWA,2022-09-07 14:30,active,240,45,0
63189a58ddaca31c0f993dc0,FR4104,RYR4104,TLV,LLBG,,,2022-09-07 11:35,PFO,LCPH,2022-09-07 12:45,landed,70,39,0
63189a58ddaca31c0f993dc1,U6816,SVR816,TLV,LLBG,,,2022-09-07 11:40,AER,URSS,2022-09-07 14:05,cancelled,145,0,0
63189a58ddaca31c0f993dc2,AC81,ACA81,TLV,LLBG,3,,2022-09-07 11:45,YYZ,CYYZ,2022-09-07 16:25,active,700,0,0
63189a58ddaca31c0f993dc3,UA8199,UAL8199,TLV,LLBG,3,,2022-09-07 11:45,YYZ,CYYZ,2022-09-07 16:25,active,700,0,0
63189a58ddaca31c0f993dc4,LY613,ELY613,TLV,LLBG,3,,2022-09-07 11:55,DME,UUDD,2022-09-07 17:40,active,345,0,0
63189a58ddaca31c0f993dc5,S74484,SBI4484,TLV,LLBG,3,,2022-09-07 11:55,DME,UUDD,2022-09-07 17:40,active,345,0,0
63189a58ddaca31c0f993dc6,FR5901,RYR5901,TLV,LLBG,,,2022-09-07 12:00,TRN,LIMF,2022-09-07 15:05,active,245,50,0
63189a58ddaca31c0f993dc7,,MAY5901,TLV,LLBG,,,2022-09-07 12:00,TRN,LIMF,2022-09-07 15:05,active,245,50,0
63189a58ddaca31c0f993dc8,UA85,UAL85,TLV,LLBG,,B9,2022-09-07 12:00,EWR,KEWR,2022-09-07 16:55,active,715,0,0
63189a58ddaca31c0f993dc9,FR7162,RYR7162,TLV,LLBG,,,2022-09-07 12:10,VIE,LOWW,2022-09-07 15:00,active,230,100,0
63189a58ddaca31c0f993dca,LY543,ELY543,TLV,LLBG,3,,2022-09-07 12:20,ATH,LGAV,2022-09-07 14:30,landed,130,8,0
63189a58ddaca31c0f993dcb,FR7091,RYR7091,TLV,LLBG,,,2022-09-07 12:30,FCO,LIRF,2022-09-07 15:15,active,225,39,0
63189a58ddaca31c0f993dcc,,MAY7091,TLV,LLBG,,,2022-09-07 12:30,FCO,LIRF,2022-09-07 15:15,active,225,39,0
63189a58ddaca31c0f993dcd,FR1843,RYR1843,TLV,LLBG,,,2022-09-07 12:35,FKB,EDSB,2022-09-07 16:10,active,275,45,0
63189a58ddaca31c0f993dce,,MAY1843,TLV,LLBG,,,2022-09-07 12:35,FKB,EDSB,2022-09-07 16:10,active,275,45,0
63189a58ddaca31c0f993dcf,HV5800,TRA5800,TLV,LLBG,3,,2022-09-07 12:50,AMS,EHAM,2022-09-07 16:50,active,300,100,0
63189a58ddaca31c0f993dd0,FR2006,RYR2006,TLV,LLBG,,,2022-09-07 13:00,BGY,LIME,2022-09-07 16:05,active,245,29,0
63189a58ddaca31c0f993dd1,,MAY2006,TLV,LLBG,,,2022-09-07 13:00,BGY,LIME,2022-09-07 16:05,active,245,29,0
63189a58ddaca31c0f993dd2,PC798,PGT798,TLV,LLBG,1,,2022-09-07 13:00,DLM,LTBS,2022-09-07 14:45,landed,105,0,0
63189a58ddaca31c0f993dd3,BZ5035,BBG5035,TLV,LLBG,,,2022-09-07 13:10,RHO,LGRP,2022-09-07 14:45,scheduled,95,0,0
63189a58ddaca31c0f993dd4,FR6755,RYR6755,TLV,LLBG,,,2022-09-07 13:10,BUD,LHBP,2022-09-07 15:40,active,210,20,0
63189a58ddaca31c0f993dd5,RR6755,RYS6755,TLV,LLBG,,,2022-09-07 13:10,BUD,LHBP,2022-09-07 15:40,active,210,20,0
63189a58ddaca31c0f993dd6,AM7871,AMX7871,TLV,LLBG,3,,2022-09-07 13:15,JFK,KJFK,2022-09-07 18:05,active,710,0,0
63189a58ddaca31c0f993dd7,AR7855,ARG7855,TLV,LLBG,3,,2022-09-07 13:15,JFK,KJFK,2022-09-07 18:05,active,710,0,0
63189a58ddaca31c0f993dd8,LY7,ELY7,TLV,LLBG,3,,2022-09-07 13:15,JFK,KJFK,2022-09-07 18:05,active,710,0,0
63189a58ddaca31c0f993dd9,EK2364,UAE2364,TLV,LLBG,3,,2022-09-07 13:25,DXB,OMDB,2022-09-07 17:45,active,200,0,0
63189a58ddaca31c0f993dda,FZ1210,FDB1210,TLV,LLBG,3,,2022-09-07 13:25,DXB,OMDB,2022-09-07 17:45,active,200,0,0
63189a58ddaca31c0f993ddb,U22566,EZY2566,TLV,LLBG,1,,2022-09-07 13:25,MXP,LIMC,2022-09-07 16:35,active,250,89,0
63189a58ddaca31c0f993ddc,LY973,ELY973,TLV,LLBG,3,,2022-09-07 13:30,DXB,OMDB,2022-09-07 17:45,active,195,0,0
63189a58ddaca31c0f993ddd,TO3451,TVF3451,TLV,LLBG,3,,2022-09-07 13:45,ORY,LFPO,2022-09-07 17:45,active,300,0,0
63189a58ddaca31c0f993dde,XQ881,SXS881,TLV,LLBG,,,2022-09-07 13:55,ADB,LTBJ,2022-09-07 15:55,active,120,61,0
63189a58ddaca31c0f993ddf,BZ754,BBG754,TLV,LLBG,,,2022-09-07 14:00,HER,LGIR,2022-09-07 15:50,active,110,0,0
63189a58ddaca31c0f993de0,JU8266,ASL8266,TLV,LLBG,3,,2022-09-07 14:20,IST,LTFM,2022-09-07 16:35,active,135,0,0
63189a58ddaca31c0f993de1,TK795,THY795,TLV,LLBG,3,,2022-09-07 14:20,IST,LTFM,2022-09-07 16:35,active,135,0,0
63189a58ddaca31c0f993de2,U27934,EZY7934,TLV,LLBG,1,,2022-09-07 14:20,AMS,EHAM,2022-09-07 18:20,active,300,5,0
63189a58ddaca31c0f993de3,LY333,ELY333,TLV,LLBG,3,,2022-09-07 14:30,BRU,EBBR,2022-09-07 18:25,active,295,22,0
63189a58ddaca31c0f993de4,W68288,WZZ8288,TLV,LLBG,,,2022-09-07 14:30,FCO,LIRF,2022-09-07 17:20,active,230,31,0
63189a58ddaca31c0f993de5,EY599,ETD599,TLV,LLBG,3,,2022-09-07 14:55,AUH,OMAA,2022-09-07 19:15,active,200,2,0
63189a58ddaca31c0f993de6,LY9601,ELY9601,TLV,LLBG,3,,2022-09-07 14:55,AUH,OMAA,2022-09-07 19:15,active,200,2,0
63189a58ddaca31c0f993de7,W64548,WZZ4548,TLV,LLBG,,,2022-09-07 14:55,VAR,LBWN,2022-09-07 17:25,active,150,33,0
63189a58ddaca31c0f993de8,BZ702,BBG702,TLV,LLBG,,,2022-09-07 15:00,ATH,LGAV,2022-09-07 17:10,scheduled,130,0,0
63189a58ddaca31c0f993de9,IZ747,AIZ747,TLV,LLBG,3,,2022-09-07 15:00,CDG,LFPG,2022-09-07 19:00,scheduled,300,0,0
63189a58ddaca31c0f993dea,QS747,TVS747,TLV,LLBG,3,,2022-09-07 15:00,CDG,LFPG,2022-09-07 19:00,scheduled,300,0,0
63189a58ddaca31c0f993deb,AZ807,ITY807,TLV,LLBG,3,B9,2022-09-07 15:15,FCO,LIRF,2022-09-07 18:00,active,225,29,0
63189a58ddaca31c0f993dec,JU7379,ASL7379,TLV,LLBG,3,B9,2022-09-07 15:15,FCO,LIRF,2022-09-07 18:00,active,225,29,0
63189a58ddaca31c0f993ded,U22084,EZY2084,TLV,LLBG,1,,2022-09-07 15:15,LTN,EGGW,2022-09-07 18:40,active,325,24,0
63189a58ddaca31c0f993dee,BZ778,BBG778,TLV,LLBG,,,2022-09-07 15:20,JTR,LGSR,2022-09-07 17:10,scheduled,110,0,0
63189a58ddaca31c0f993def,OS858,AUA858,TLV,LLBG,3,B07,2022-09-07 15:35,VIE,LOWW,2022-09-07 18:20,scheduled,225,58,0
63189a58ddaca31c0f993df0,IZ25,AIZ25,TLV,LLBG,3,,2022-09-07 15:45,RAK,GMMX,2022-09-07 20:00,scheduled,375,0,0
63189a58ddaca31c0f993df1,LY351,ELY351,TLV,LLBG,3,,2022-09-07 15:45,MUC,EDDM,2022-09-07 18:50,active,245,0,0
63189a58ddaca31c0f993df2,LY2431,ELY2431,TLV,LLBG,3,,2022-09-07 15:50,LCA,LCLK,2022-09-07 16:55,scheduled,65,0,0
63189a58ddaca31c0f993df3,AM7851,AMX7851,TLV,LLBG,3,,2022-09-07 16:00,AMS,EHAM,2022-09-07 20:15,scheduled,315,0,0
63189a58ddaca31c0f993df4,LY339,ELY339,TLV,LLBG,3,,2022-09-07 16:00,AMS,EHAM,2022-09-07 20:15,scheduled,315,0,0
63189a58ddaca31c0f993df5,AM6803,AMX6803,TLV,LLBG,3,,2022-09-07 16:05,MAD,LEMD,2022-09-07 20:20,scheduled,315,0,0
63189a58ddaca31c0f993df6,NH5160,ANA5160,TLV,LLBG,3,,2022-09-07 16:05,BRU,EBBR,2022-09-07 19:55,scheduled,290,40,0
63189a58ddaca31c0f993df7,SN3290,BEL3290,TLV,LLBG,3,,2022-09-07 16:05,BRU,EBBR,2022-09-07 19:55,scheduled,290,40,0
63189a58ddaca31c0f993df8,UX1302,AEA1302,TLV,LLBG,3,,2022-09-07 16:05,MAD,LEMD,2022-09-07 20:20,scheduled,315,0,0
63189a58ddaca31c0f993df9,AT9333,RAM9333,TLV,LLBG,3,,2022-09-07 16:15,RAK,GMMX,2022-09-07 20:25,scheduled,370,0,0
63189a58ddaca31c0f993dfa,LY553,ELY553,TLV,LLBG,3,,2022-09-07 16:15,RAK,GMMX,2022-09-07 20:25,scheduled,370,0,0
63189a58ddaca31c0f993dfb,PC784,PGT784,TLV,LLBG,,,2022-09-07 16:15,SAW,LTFJ,2022-09-07 18:30,scheduled,135,0,0
63189a58ddaca31c0f993dfc,AF963,AFR963,TLV,LLBG,3,,2022-09-07 16:30,CDG,LFPG,2022-09-07 20:15,scheduled,285,0,0
63189a58ddaca31c0f993dfd,LH687,DLH687,TLV,LLBG,3,B04,2022-09-07 16:30,FRA,EDDF,2022-09-07 20:00,scheduled,270,0,0
63189a58ddaca31c0f993dfe,SN7174,BEL7174,TLV,LLBG,3,B04,2022-09-07 16:30,FRA,EDDF,2022-09-07 20:00,scheduled,270,0,0
63189a58ddaca31c0f993dff,UA9123,UAL9123,TLV,LLBG,3,B04,2022-09-07 16:30,FRA,EDDF,2022-09-07 20:00,scheduled,270,0,0
63189a58ddaca31c0f993e00,AA7028,AAL7028,TLV,LLBG,3,,2022-09-07 16:40,LHR,EGLL,2022-09-07 19:55,scheduled,315,0,0
63189a58ddaca31c0f993e01,BA164,BAW164,TLV,LLBG,3,,2022-09-07 16:40,LHR,EGLL,2022-09-07 19:55,scheduled,315,0,0
63189a58ddaca31c0f993e02,FR5526,RYR5526,TLV,LLBG,,,2022-09-07 16:40,SKG,LGTS,2022-09-07 19:15,scheduled,155,0,0
63189a58ddaca31c0f993e03,TK787,THY787,TLV,LLBG,3,,2022-09-07 16:40,IST,LTFM,2022-09-07 19:00,scheduled,140,0,0
63189a58ddaca31c0f993e04,LH681,DLH681,TLV,LLBG,3,B03,2022-09-07 17:10,MUC,EDDM,2022-09-07 20:10,scheduled,240,33,0
63189a58ddaca31c0f993e05,SN7172,BEL7172,TLV,LLBG,3,B03,2022-09-07 17:10,MUC,EDDM,2022-09-07 20:10,scheduled,240,33,0
63189a58ddaca31c0f993e06,AM7853,AMX7853,TLV,LLBG,3,,2022-09-07 17:15,CDG,LFPG,2022-09-07 21:10,scheduled,295,0,0
63189a58ddaca31c0f993e07,LY325,ELY325,TLV,LLBG,3,,2022-09-07 17:15,CDG,LFPG,2022-09-07 21:10,scheduled,295,0,0
63189a58ddaca31c0f993e08,LY375,ELY375,TLV,LLBG,3,,2022-09-07 17:15,LIS,LPPT,2022-09-07 21:10,scheduled,355,0,0
63189a58ddaca31c0f993e09,TP8920,TAP8920,TLV,LLBG,3,,2022-09-07 17:15,LIS,LPPT,2022-09-07 21:10,scheduled,355,0,0
63189a58ddaca31c0f993e0a,AM7877,AMX7877,TLV,LLBG,3,,2022-09-07 17:20,LHR,EGLL,2022-09-07 20:45,scheduled,325,0,0
63189a58ddaca31c0f993e0b,LY317,ELY317,TLV,LLBG,3,,2022-09-07 17:20,LHR,EGLL,2022-09-07 20:45,scheduled,325,0,0
63189a58ddaca31c0f993e0c,LY223,ELY223,TLV,LLBG,3,,2022-09-07 17:30,NCE,LFMN,2022-09-07 20:45,scheduled,255,0,0
63189a58ddaca31c0f993e0d,LY363,ELY363,TLV,LLBG,3,,2022-09-07 17:30,VIE,LOWW,2022-09-07 20:15,scheduled,225,0,0
63189a58ddaca31c0f993e0e,LY2523,ELY2523,TLV,LLBG,3,,2022-09-07 17:55,PRG,LKPR,2022-09-07 20:55,scheduled,240,0,0
63189a58ddaca31c0f993e0f,AR7879,ARG7879,TLV,LLBG,3,,2022-09-07 18:00,FCO,LIRF,2022-09-07 20:40,scheduled,220,0,0
63189a58ddaca31c0f993e10,LX253,SWR253,TLV,LLBG,3,B07,2022-09-07 18:00,ZRH,LSZH,2022-09-07 21:40,scheduled,280,25,0
63189a58ddaca31c0f993e11,LY383,ELY383,TLV,LLBG,3,,2022-09-07 18:00,FCO,LIRF,2022-09-07 20:40,scheduled,220,0,0
63189a58ddaca31c0f993e12,TP8900,TAP8900,TLV,LLBG,3,,2022-09-07 18:00,FCO,LIRF,2022-09-07 20:40,scheduled,220,0,0
63189a58ddaca31c0f993e13,LY289,ELY289,TLV,LLBG,3,,2022-09-07 18:15,VCE,LIPZ,2022-09-07 21:05,scheduled,230,0,0
63189a58ddaca31c0f993e14,TO3459,TVF3459,TLV,LLBG,3,,2022-09-07 18:25,ORY,LFPO,2022-09-07 22:25,scheduled,300,0,0
63189a58ddaca31c0f993e15,LY387,ELY387,TLV,LLBG,3,,2022-09-07 18:30,MXP,LIMC,2022-09-07 21:40,scheduled,250,0,0
63189a58ddaca31c0f993e16,LY5193,ELY5193,TLV,LLBG,3,,2022-09-07 18:30,SSH,HESH,2022-09-07 18:50,scheduled,80,0,0
63189a58ddaca31c0f993e17,LY571,ELY571,TLV,LLBG,3,,2022-09-07 18:30,OTP,LROP,2022-09-07 21:10,scheduled,160,0,0
63189a58ddaca31c0f993e18,TK7667,THY7667,TLV,LLBG,3,,2022-09-07 18:30,SAW,LTFJ,2022-09-07 20:30,scheduled,120,0,0
63189a58ddaca31c0f993e19,FR2211,RYR2211,TLV,LLBG,,,2022-09-07 18:45,TSF,LIPH,2022-09-07 21:40,scheduled,235,0,0
63189a58ddaca31c0f993e1a,,MAY2211,TLV,LLBG,,,2022-09-07 18:45,TSF,LIPH,2022-09-07 21:40,scheduled,235,0,0
63189a58ddaca31c0f993e1b,U21828,EZY1828,TLV,LLBG,1,,2022-09-07 18:55,MAN,EGCC,2022-09-07 22:35,scheduled,340,19,0
63189a58ddaca31c0f993e1c,RJ345,RJA345,TLV,LLBG,3,,2022-09-07 19:10,AMM,OJAI,2022-09-07 19:55,scheduled,45,0,0
63189a58ddaca31c0f993e1d,U23738,EZY3738,TLV,LLBG,1,,2022-09-07 19:15,CDG,LFPG,2022-09-07 23:20,scheduled,305,4,0
63189a58ddaca31c0f993e1e,CY111,CYP111,TLV,LLBG,3,,2022-09-07 19:20,LCA,LCLK,2022-09-07 20:20,scheduled,60,0,0
63189a58ddaca31c0f993e1f,A3925,AEE925,TLV,LLBG,3,,2022-09-07 19:40,ATH,LGAV,2022-09-07 21:50,scheduled,130,0,0
63189a58ddaca31c0f993e20,MS594,MSR594,TLV,LLBG,3,,2022-09-07 19:50,CAI,HECA,2022-09-07 20:15,scheduled,85,0,0
63189a58ddaca31c0f993e21,W62812,WZZ2812,TLV,LLBG,,,2022-09-07 19:50,VIE,LOWW,2022-09-07 22:50,scheduled,240,0,0
63189a58ddaca31c0f993e22,EK932,UAE932,TLV,LLBG,3,,2022-09-07 19:55,DXB,OMDB,2022-09-07 23:59,scheduled,184,0,0
63189a58ddaca31c0f993e23,LY2367,ELY2367,TLV,LLBG,3,,2022-09-07 20:00,BUD,LHBP,2022-09-07 22:20,scheduled,200,0,0
63189a58ddaca31c0f993e24,TK837,THY837,TLV,LLBG,3,,2022-09-07 20:00,IST,LTFM,2022-09-07 22:20,scheduled,140,0,0
63189a58ddaca31c0f993e25,FR8696,RYR8696,TLV,LLBG,,,2022-09-07 20:20,NAP,LIRN,2022-09-07 22:35,scheduled,195,0,0
63189a58ddaca31c0f993e26,,MAY8696,TLV,LLBG,,,2022-09-07 20:20,NAP,LIRN,2022-09-07 22:35,scheduled,195,0,0
63189a58ddaca31c0f993e27,LY691,ELY691,TLV,LLBG,3,,2022-09-07 20:30,TBS,UGTB,2022-09-08 00:05,scheduled,155,0,0
63189a58ddaca31c0f993e28,U22086,EZY2086,TLV,LLBG,1,,2022-09-07 20:30,LTN,EGGW,2022-09-07 23:55,scheduled,325,0,0
63189a58ddaca31c0f993e29,FR7896,RYR7896,TLV,LLBG,,,2022-09-07 21:00,VIE,LOWW,2022-09-07 23:50,scheduled,230,0,0
63189a58ddaca31c0f993e2a,,MAY7896,TLV,LLBG,,,2022-09-07 21:00,VIE,LOWW,2022-09-07 23:50,scheduled,230,0,0
63189a58ddaca31c0f993e2b,LO160,LOT160,TLV,LLBG,3,,2022-09-07 21:10,KRK,EPKK,2022-09-07 23:50,scheduled,220,0,0
63189a58ddaca31c0f993e2c,LY9291,ELY9291,TLV,LLBG,3,,2022-09-07 21:10,KRK,EPKK,2022-09-07 23:50,scheduled,220,0,0
63189a58ddaca31c0f993e2d,W62328,WZZ2328,TLV,LLBG,,,2022-09-07 21:15,BUD,LHBP,2022-09-07 23:45,scheduled,210,0,0
63189a58ddaca31c0f993e2e,A9700,TGZ700,TLV,LLBG,3,,2022-09-07 21:20,TBS,UGTB,2022-09-08 00:50,scheduled,150,0,0
63189a58ddaca31c0f993e2f,FR7414,RYR7414,TLV,LLBG,,,2022-09-07 21:20,CHQ,LGSA,2022-09-07 23:20,scheduled,120,0,0
63189a58ddaca31c0f993e30,W68094,WZZ8094,TLV,LLBG,,,2022-09-07 21:45,VNO,EYVI,2022-09-08 02:00,scheduled,255,0,0
63189a58ddaca31c0f993e31,TK789,THY789,TLV,LLBG,3,,2022-09-07 21:55,IST,LTFM,2022-09-08 00:10,scheduled,135,0,0
63189a58ddaca31c0f993e32,W94452,WUK4452,TLV,LLBG,,,2022-09-07 21:55,LTN,EGGW,2022-09-08 01:10,scheduled,315,0,0
63189a58ddaca31c0f993e33,W95752,WUK5752,TLV,LLBG,,,2022-09-07 22:00,LGW,EGKK,2022-09-08 01:20,scheduled,320,0,0
63189a58ddaca31c0f993e34,FR1701,RYR1701,TLV,LLBG,,,2022-09-07 22:05,PFO,LCPH,2022-09-07 23:15,scheduled,70,0,0
63189a58ddaca31c0f993e35,AI140,AIC140,TLV,LLBG,3,,2022-09-07 22:10,DEL,VIDP,2022-09-08 06:50,scheduled,370,0,0
63189a58ddaca31c0f993e36,FR2824,RYR2824,TLV,LLBG,,,2022-09-07 22:45,ATH,LGAV,2022-09-08 01:00,scheduled,135,0,0
63189a58ddaca31c0f993e37,LY81,ELY81,TLV,LLBG,3,,2022-09-07 22:45,BKK,VTBS,2022-09-08 14:00,scheduled,675,0,0
63189a58ddaca31c0f993e38,QF5020,QFA5020,TLV,LLBG,3,,2022-09-07 22:45,BKK,VTBS,2022-09-08 14:00,scheduled,675,0,0
63189a58ddaca31c0f993e39,TG4584,THA4584,TLV,LLBG,3,,2022-09-07 22:45,BKK,VTBS,2022-09-08 14:00,scheduled,675,0,0
63189a58ddaca31c0f993e3a,TK7783,THY7783,TLV,LLBG,3,,2022-09-07 22:45,AYT,LTAI,2022-09-08 00:15,scheduled,90,0,0
63189a58ddaca31c0f993e3b,VN3298,HVN3298,TLV,LLBG,3,,2022-09-07 22:45,BKK,VTBS,2022-09-08 14:00,scheduled,675,0,0
63189a58ddaca31c0f993e3c,0B170,BLA170,TLV,LLBG,,,2022-09-07 22:55,OTP,LROP,2022-09-08 01:40,scheduled,165,0,0
63189a58ddaca31c0f993e3d,W29376,FXT9376,TLV,LLBG,,,2022-09-07 22:55,OTP,LROP,2022-09-08 01:40,scheduled,165,0,0
63189a58ddaca31c0f993e3e,UA91,UAL91,TLV,LLBG,,B9,2022-09-07 23:25,EWR,KEWR,2022-09-08 04:20,scheduled,715,0,0
63189a58ddaca31c0f993e3f,AY1980,FIN1980,TLV,LLBG,3,,2022-09-07 23:50,HEL,EFHK,2022-09-08 04:30,scheduled,280,0,0
63189a58ddaca31c0f993e40,DL235,DAL235,TLV,LLBG,3,C09,2022-09-07 23:55,JFK,KJFK,2022-09-08 05:00,scheduled,725,0,0
63189a58ddaca31c0f993e41,EK2368,UAE2368,TLV,LLBG,3,,2022-09-07 23:55,DXB,OMDB,2022-09-08 04:15,scheduled,200,0,0
63189a58ddaca31c0f993e42,FZ1628,FDB1628,TLV,LLBG,3,,2022-09-07 23:55,DXB,OMDB,2022-09-08 04:15,scheduled,200,0,0
63189a58ddaca31c0f993e43,RO154,ROT154,TLV,LLBG,3,,2022-09-07 23:55,OTP,LROP,2022-09-08 02:40,scheduled,165,0,0
63189a58ddaca31c0f993e44,AM7893,AMX7893,TLV,LLBG,3,,2022-09-08 00:05,JFK,KJFK,2022-09-08 04:55,scheduled,710,0,0
63189a58ddaca31c0f993e45,LY3,ELY3,TLV,LLBG,3,,2022-09-08 00:05,JFK,KJFK,2022-09-08 04:55,scheduled,710,0,0
63189a58ddaca31c0f993e46,AR7851,ARG7851,TLV,LLBG,3,,2022-09-08 00:15,MIA,KMIA,2022-09-08 06:30,scheduled,795,0,0
63189a58ddaca31c0f993e47,LY17,ELY17,TLV,LLBG,3,,2022-09-08 00:15,MIA,KMIA,2022-09-08 06:30,scheduled,795,0,0
63189a58ddaca31c0f993e48,HM21,SEY21,TLV,LLBG,3,,2022-09-08 00:25,SEZ,FSIA,2022-09-08 07:45,scheduled,380,0,0
63189a58ddaca31c0f993e49,LY27,ELY27,TLV,LLBG,3,,2022-09-08 00:30,EWR,KEWR,2022-09-08 05:15,scheduled,705,20,0
63189a58ddaca31c0f993e4a,EK2346,UAE2346,TLV,LLBG,3,,2022-09-08 00:35,DXB,OMDB,2022-09-08 04:50,scheduled,195,0,0
63189a58ddaca31c0f993e4b,FZ1808,FDB1808,TLV,LLBG,3,,2022-09-08 00:35,DXB,OMDB,2022-09-08 04:50,scheduled,195,0,0
63189a58ddaca31c0f993e4c,DL243,DAL243,TLV,LLBG,3,C08,2022-09-08 00:40,BOS,KBOS,2022-09-08 05:30,scheduled,710,0,0
63189a58ddaca31c0f993e4d,AA145,AAL145,TLV,LLBG,3,,2022-09-08 00:50,JFK,KJFK,2022-09-08 06:00,scheduled,730,0,0
63189a58ddaca31c0f993e4e,B64497,JBU4497,TLV,LLBG,3,,2022-09-08 00:50,JFK,KJFK,2022-09-08 06:00,scheduled,730,0,0
63189a58ddaca31c0f993e4f,JU8256,ASL8256,TLV,LLBG,3,,2022-09-08 00:50,IST,LTFM,2022-09-08 03:10,scheduled,140,0,0
63189a58ddaca31c0f993e50,TK791,THY791,TLV,LLBG,3,,2022-09-08 00:50,IST,LTFM,2022-09-08 03:10,scheduled,140,0,0
63189a58ddaca31c0f993e51,UA955,UAL955,TLV,LLBG,,B9,2022-09-08 00:55,SFO,KSFO,2022-09-08 06:00,scheduled,905,0,0
63189a58ddaca31c0f993e52,AM7869,AMX7869,TLV,LLBG,3,,2022-09-08 01:00,JFK,KJFK,2022-09-08 05:50,scheduled,710,15,0
63189a58ddaca31c0f993e53,AR7853,ARG7853,TLV,LLBG,3,,2022-09-08 01:00,JFK,KJFK,2022-09-08 05:50,scheduled,710,15,0
63189a58ddaca31c0f993e54,ET405,ETH405,TLV,LLBG,3,C9,2022-09-08 01:00,ADD,HAAB,2022-09-08 05:20,scheduled,260,0,0
63189a58ddaca31c0f993e55,LY1,ELY1,TLV,LLBG,3,,2022-09-08 01:00,JFK,KJFK,2022-09-08 05:50,scheduled,710,15,0
63189a58ddaca31c0f993e56,LY8807,ELY8807,TLV,LLBG,3,C9,2022-09-08 01:00,ADD,HAAB,2022-09-08 05:20,scheduled,260,0,0
63189a58ddaca31c0f993e57,AM7875,AMX7875,TLV,LLBG,3,,2022-09-08 01:05,LAX,KLAX,2022-09-08 06:00,scheduled,895,0,0
63189a58ddaca31c0f993e58,LY15,ELY15,TLV,LLBG,3,,2022-09-08 01:05,BOS,KBOS,2022-09-08 05:45,scheduled,700,0,0
63189a58ddaca31c0f993e59,LY5,ELY5,TLV,LLBG,3,,2022-09-08 01:05,LAX,KLAX,2022-09-08 06:00,scheduled,895,0,0
63189a58ddaca31c0f993e5a,AF8424,AFR8424,TLV,LLBG,3,,2022-09-08 04:45,AMS,EHAM,2022-09-08 08:45,scheduled,300,0,0
63189a58ddaca31c0f993e5b,DL9176,DAL9176,TLV,LLBG,3,,2022-09-08 04:45,AMS,EHAM,2022-09-08 08:45,scheduled,300,0,0
63189a58ddaca31c0f993e5c,KL462,KLM462,TLV,LLBG,3,,2022-09-08 04:45,AMS,EHAM,2022-09-08 08:45,scheduled,300,0,0
63189a58ddaca31c0f993e5d,KQ1462,KQA1462,TLV,LLBG,3,,2022-09-08 04:45,AMS,EHAM,2022-09-08 08:45,scheduled,300,0,0
63189a58ddaca31c0f993e5e,AC9021,ACA9021,TLV,LLBG,3,,2022-09-08 04:50,FRA,EDDF,2022-09-08 08:20,scheduled,270,0,0
63189a58ddaca31c0f993e5f,LH691,DLH691,TLV,LLBG,3,,2022-09-08 04:50,FRA,EDDF,2022-09-08 08:20,scheduled,270,0,0
63189a58ddaca31c0f993e60,LX257,SWR257,TLV,LLBG,3,,2022-09-08 04:50,ZRH,LSZH,2022-09-08 08:10,scheduled,260,0,0
63189a58ddaca31c0f993e61,NO3235,NOS3235,TLV,LLBG,3,,2022-09-08 04:50,MXP,LIMC,2022-09-08 08:00,scheduled,250,0,0
63189a58ddaca31c0f993e62,SN3294,BEL3294,TLV,LLBG,3,,2022-09-08 04:50,BRU,EBBR,2022-09-08 08:50,scheduled,300,0,0
63189a58ddaca31c0f993e63,SN7170,BEL7170,TLV,LLBG,3,,2022-09-08 04:50,FRA,EDDF,2022-09-08 08:20,scheduled,270,0,0
63189a58ddaca31c0f993e64,UA9121,UAL9121,TLV,LLBG,3,,2022-09-08 04:50,FRA,EDDF,2022-09-08 08:20,scheduled,270,0,0
63189a58ddaca31c0f993e65,LY311,ELY311,TLV,LLBG,3,,2022-09-08 05:00,LTN,EGGW,2022-09-08 08:25,scheduled,325,0,0
63189a58ddaca31c0f993e66,LO152,LOT152,TLV,LLBG,3,,2022-09-08 05:05,WAW,EPWA,2022-09-08 08:10,scheduled,245,0,0
63189a58ddaca31c0f993e67,LY9109,ELY9109,TLV,LLBG,3,,2022-09-08 05:05,LIS,LPPT,2022-09-08 09:05,scheduled,360,0,0
63189a58ddaca31c0f993e68,TP1604,TAP1604,TLV,LLBG,3,,2022-09-08 05:05,LIS,LPPT,2022-09-08 09:05,scheduled,360,0,0
63189a58ddaca31c0f993e69,IB5775,IBE5775,TLV,LLBG,3,,2022-09-08 05:10,BCN,LEBL,2022-09-08 08:55,scheduled,285,0,0
63189a58ddaca31c0f993e6a,VY7845,VLG7845,TLV,LLBG,3,,2022-09-08 05:10,BCN,LEBL,2022-09-08 08:55,scheduled,285,0,0
63189a58ddaca31c0f993e6b,AZ809,ITY809,TLV,LLBG,3,,2022-09-08 05:15,FCO,LIRF,2022-09-08 08:00,scheduled,225,0,0
63189a58ddaca31c0f993e6c,DL6655,DAL6655,TLV,LLBG,3,,2022-09-08 05:15,FCO,LIRF,2022-09-08 08:00,scheduled,225,0,0
63189a58ddaca31c0f993e6d,JU7380,ASL7380,TLV,LLBG,3,,2022-09-08 05:15,FCO,LIRF,2022-09-08 08:00,scheduled,225,0,0
63189a58ddaca31c0f993e6e,AA8789,AAL8789,TLV,LLBG,3,,2022-09-08 05:30,MAD,LEMD,2022-09-08 09:55,scheduled,325,0,0
63189a58ddaca31c0f993e6f,IB3317,IBE3317,TLV,LLBG,3,,2022-09-08 05:30,MAD,LEMD,2022-09-08 09:55,scheduled,325,0,0
63189a58ddaca31c0f993e70,LY8397,ELY8397,TLV,LLBG,3,,2022-09-08 05:30,MAD,LEMD,2022-09-08 09:55,scheduled,325,0,0
63189a58ddaca31c0f993e71,VY5270,VLG5270,TLV,LLBG,3,,2022-09-08 05:30,MAD,LEMD,2022-09-08 09:55,scheduled,325,0,0
63189a58ddaca31c0f993e72,6H7767,ISR7767,TLV,LLBG,3,,2022-09-08 05:35,PRG,LKPR,2022-09-08 08:40,scheduled,245,0,0
63189a58ddaca31c0f993e73,OK5289,CSA5289,TLV,LLBG,3,,2022-09-08 05:35,PRG,LKPR,2022-09-08 08:40,scheduled,245,0,0
63189a58ddaca31c0f993e74,QS1287,TVS1287,TLV,LLBG,3,,2022-09-08 05:35,PRG,LKPR,2022-09-08 08:40,scheduled,245,0,0
63189a58ddaca31c0f993e75,AA8389,AAL8389,TLV,LLBG,3,,2022-09-08 05:50,BCN,LEBL,2022-09-08 09:30,scheduled,280,0,0
63189a58ddaca31c0f993e76,AA8398,AAL8398,TLV,LLBG,3,,2022-09-08 05:50,CDG,LFPG,2022-09-08 09:50,scheduled,300,0,0
63189a58ddaca31c0f993e77,AM7867,AMX7867,TLV,LLBG,3,,2022-09-08 05:50,CDG,LFPG,2022-09-08 09:50,scheduled,300,0,0
63189a58ddaca31c0f993e78,IB2392,IBE2392,TLV,LLBG,3,,2022-09-08 05:50,BCN,LEBL,2022-09-08 09:30,scheduled,280,0,0
63189a58ddaca31c0f993e79,LY319,ELY319,TLV,LLBG,3,,2022-09-08 05:50,CDG,LFPG,2022-09-08 09:50,scheduled,300,0,0
63189a58ddaca31c0f993e7a,LY393,ELY393,TLV,LLBG,3,,2022-09-08 05:50,BCN,LEBL,2022-09-08 09:30,scheduled,280,0,0
63189a58ddaca31c0f993e7b,TO3441,TVF3441,TLV,LLBG,3,,2022-09-08 05:55,ORY,LFPO,2022-09-08 09:55,scheduled,300,0,0
63189a58ddaca31c0f993e7c,AA8388,AAL8388,TLV,LLBG,3,,2022-09-08 06:05,FCO,LIRF,2022-09-08 08:45,scheduled,220,0,0
63189a58ddaca31c0f993e7d,AR7877,ARG7877,TLV,LLBG,3,,2022-09-08 06:05,FCO,LIRF,2022-09-08 08:45,scheduled,220,0,0
63189a58ddaca31c0f993e7e,LY385,ELY385,TLV,LLBG,3,,2022-09-08 06:05,FCO,LIRF,2022-09-08 08:45,scheduled,220,0,0
63189a58ddaca31c0f993e7f,TP8898,TAP8898,TLV,LLBG,3,,2022-09-08 06:05,FCO,LIRF,2022-09-08 08:45,scheduled,220,0,0
63189a58ddaca31c0f993e80,AA8378,AAL8378,TLV,LLBG,3,,2022-09-08 06:10,AMS,EHAM,2022-09-08 10:15,scheduled,305,0,0
63189a58ddaca31c0f993e81,LY337,ELY337,TLV,LLBG,3,,2022-09-08 06:10,AMS,EHAM,2022-09-08 10:15,scheduled,305,0,0
63189a58ddaca31c0f993e82,OS860,AUA860,TLV,LLBG,3,,2022-09-08 06:15,VIE,LOWW,2022-09-08 09:00,scheduled,225,0,0
63189a58ddaca31c0f993e83,LY2371,ELY2371,TLV,LLBG,3,,2022-09-08 06:20,BER,EDDB,2022-09-08 09:40,scheduled,260,0,0
63189a58ddaca31c0f993e85,LY25,ELY25,TLV,LLBG,3,,2022-09-08 06:30,EWR,KEWR,2022-09-08 11:20,scheduled,710,0,0
63189a58ddaca31c0f993e86,AM7699,AMX7699,TLV,LLBG,3,,2022-09-08 06:35,LHR,EGLL,2022-09-08 10:10,scheduled,335,0,0
63189a58ddaca31c0f993e87,DL5936,DAL5936,TLV,LLBG,3,,2022-09-08 06:35,LHR,EGLL,2022-09-08 10:10,scheduled,335,0,0
63189a58ddaca31c0f993e88,VS454,VIR454,TLV,LLBG,3,,2022-09-08 06:35,LHR,EGLL,2022-09-08 10:10,scheduled,335,0,0
63189a58ddaca31c0f993e89,AA8391,AAL8391,TLV,LLBG,3,,2022-09-08 06:40,MAD,LEMD,2022-09-08 11:00,scheduled,320,0,0
63189a58ddaca31c0f993e8a,AM7879,AMX7879,TLV,LLBG,3,,2022-09-08 06:40,MAD,LEMD,2022-09-08 11:00,scheduled,320,0,0
63189a58ddaca31c0f993e8b,AR7871,ARG7871,TLV,LLBG,3,,2022-09-08 06:40,MAD,LEMD,2022-09-08 11:00,scheduled,320,0,0
63189a58ddaca31c0f993e8c,IB2394,IBE2394,TLV,LLBG,3,,2022-09-08 06:40,MAD,LEMD,2022-09-08 11:00,scheduled,320,0,0
63189a58ddaca31c0f993e8d,LY395,ELY395,TLV,LLBG,3,,2022-09-08 06:40,MAD,LEMD,2022-09-08 11:00,scheduled,320,0,0
63189a58ddaca31c0f993e8e,LY2365,ELY2365,TLV,LLBG,3,,2022-09-08 06:45,BUD,LHBP,2022-09-08 09:05,scheduled,200,0,0
63189a58ddaca31c0f993e8f,AA7026,AAL7026,TLV,LLBG,3,,2022-09-08 07:10,LHR,EGLL,2022-09-08 10:30,scheduled,320,0,0
63189a58ddaca31c0f993e90,BA166,BAW166,TLV,LLBG,3,,2022-09-08 07:10,LHR,EGLL,2022-09-08 10:30,scheduled,320,0,0
63189a58ddaca31c0f993e91,AA8385,AAL8385,TLV,LLBG,3,,2022-09-08 07:45,MXP,LIMC,2022-09-08 10:55,scheduled,250,0,0
63189a58ddaca31c0f993e92,LY381,ELY381,TLV,LLBG,3,,2022-09-08 07:45,MXP,LIMC,2022-09-08 10:55,scheduled,250,0,0
63189a58ddaca31c0f993e93,TP8910,TAP8910,TLV,LLBG,3,,2022-09-08 07:45,MXP,LIMC,2022-09-08 10:55,scheduled,250,0,0
6318a871577a4ecb3e229903,HY301,UZB301,TAS,UTTT,2,,2022-09-08 05:05,TLV,LLBG,2022-09-08 08:35,scheduled,330,0,0
6318b8d5577a4ecb3e22d254,U6725,SVR725,SVX,USSS,,,2022-09-08 06:50,TLV,LLBG,2022-09-08 10:00,cancelled,310,0,0
6318b8d5577a4ecb3e22d330,TK793,THY793,TLV,LLBG,3,,2022-09-08 04:50,IST,LTFM,2022-09-08 07:10,scheduled,140,0,0
6318c5b6577a4ecb3e22f4c9,A3929,AEE929,TLV,LLBG,3,,2022-09-08 05:10,ATH,LGAV,2022-09-08 07:20,scheduled,130,0,0
6318c5b6577a4ecb3e22f4cb,PC786,PGT786,TLV,LLBG,,,2022-09-08 05:10,SAW,LTFJ,2022-09-08 07:25,scheduled,135,0,0
6318c5b6577a4ecb3e22f4de,PC788,PGT788,TLV,LLBG,1,,2022-09-08 06:00,AYT,LTAI,2022-09-08 07:35,scheduled,95,0,0
6318c6ce577a4ecb3e22f5af,W64605,WZZ4605,LCA,LCLK,,,2022-09-08 05:50,TLV,LLBG,2022-09-08 06:55,scheduled,65,0,0
6318c6ce577a4ecb3e22f5b2,TK7708,THY7708,SAW,LTFJ,,,2022-09-08 05:45,TLV,LLBG,2022-09-08 07:40,scheduled,115,0,0
6318c6ce577a4ecb3e22f5b3,9U547,MLD547,KIV,LUKK,,,2022-09-08 05:20,TLV,LLBG,2022-09-08 08:05,scheduled,165,0,0
6318c6ce577a4ecb3e22f5b4,W64427,WZZ4427,SOF,LBSF,1,,2022-09-08 06:00,TLV,LLBG,2022-09-08 08:25,scheduled,145,0,0
6318c6ce577a4ecb3e22f5b6,W63257,WZZ3257,OTP,LROP,,,2022-09-08 05:55,TLV,LLBG,2022-09-08 08:35,scheduled,160,0,0
6318c6ce577a4ecb3e22f5b7,W63479,WZZ3479,CLJ,LRCL,,,2022-09-08 05:35,TLV,LLBG,2022-09-08 08:35,scheduled,180,0,0
6318cb97417b1cb01680d807,0
6318d3e00a9c553ba7a7b91a,TK7711,THY7711,TLV,LLBG,,2022-09-08 06:20,SAW,LTFJ,2022-09-08 08:20,scheduled,120,0,0
6318d3e00a9c553ba7a7b91b,XQ7711,SXS7711,TLV,LLBG,,2022-09-08 06:20,SAW,LTFJ,2022-09-08 08:20,scheduled,120,0,0
6318d3e00a9c553ba7a7b91c,6H41,ISR41,TLV,LLBG,,2022-09-08 06:30,ETM,LLER,2022-09-08 07:30,scheduled,60,0,0
6318d3e00a9c553ba7a7b927,IZ413,AIZ413,TLV,LLBG,,2022-09-08 06:45,BUS,UGSB,2022-09-08 10:00,scheduled,135,0,0
6318d3e00a9c553ba7a7b929,QS413,TVS413,TLV,LLBG,,2022-09-08 06:45,BUS,UGSB,2022-09-08 10:00,scheduled,135,0,0
6318d3e00a9c553ba7a7b92a,A3457,AEE457,TLV,LLBG,,2022-09-08 06:50,HER,LGIR,2022-09-08 08:35,scheduled,105,0,0
6318d3e00a9c553ba7a7b92b,PC780,PGT780,TLV,LLBG,,2022-09-08 06:55,SAW,LTFJ,2022-09-08 09:10,scheduled,135,0,0
6318d3e00a9c553ba7a7b92c,LY541,ELY541,TLV,LLBG,,2022-09-08 07:00,ATH,LGAV,2022-09-08 09:10,scheduled,130,0,0
6318d3e00a9c553ba7a7b92d,LY573,ELY573,TLV,LLBG,,2022-09-08 07:00,OTP,LROP,2022-09-08 09:40,scheduled,160,0,0
6318d3e00a9c553ba7a7b92e,TK811,THY811,TLV,LLBG,,2022-09-08 07:00,IST,LTFM,2022-09-08 09:20,scheduled,140,0,0
6318d3e00a9c553ba7a7b9e0,RJ342,RJA342,AMM,OJAI,,2022-09-08 07:00,TLV,LLBG,2022-09-08 07:45,scheduled,45,0,0
6318d3e00a9c553ba7a7b9e6,A9695,TGZ695,TBS,UGTB,,2022-09-08 07:20,TLV,LLBG,2022-09-08 08:40,scheduled,140,0,0
6318d3e00a9c553ba7a7b9e7,TK784,THY784,IST,LTFM,,2022-09-08 07:00,TLV,LLBG,2022-09-08 08:55,scheduled,115,0,0
6318d3e00a9c553ba7a7b9e9,W63689,WZZ3689,IAS,LRIA,,2022-09-08 06:30,TLV,LLBG,2022-09-08 09:25,scheduled,175,0,0
6318d3e00a9c553ba7a7b9ea,EK2369,UAE2369,DXB,OMDB,,2022-09-08 07:05,TLV,LLBG,2022-09-08 09:35,scheduled,210,0,0
6318d3e00a9c553ba7a7b9eb,FZ1549,FDB1549,DXB,OMDB,,2022-09-08 07:05,TLV,LLBG,2022-09-08 09:35,scheduled,210,0,0
6318dffc211b7a001ef5fa2e,LY2433,ELY2433,TLV,LLBG,,2022-09-08 07:30,LCA,LCLK,2022-09-08 08:35,scheduled,65,0,0
6318dffc211b7a001ef5fa2f,A3493,AEE493,TLV,LLBG,,2022-09-08 07:40,JMK,LGMK,2022-09-08 09:25,scheduled,105,0,0
6318dffc211b7a001ef5fa33,W67501,WZZ7501,TLV,LLBG,,2022-09-08 07:45,RHO,LGRP,2022-09-08 09:30,scheduled,105,0,0
6318dffc211b7a001ef5fa34,AF975,AFR975,TLV,LLBG,,2022-09-08 07:50,CDG,LFPG,2022-09-08 11:35,scheduled,285,0,0
6318dffc211b7a001ef5fa35,DL8509,DAL8509,TLV,LLBG,,2022-09-08 07:50,CDG,LFPG,2022-09-08 11:35,scheduled,285,0,0
6318dffc211b7a001ef5fa36,KL2060,KLM2060,TLV,LLBG,,2022-09-08 07:50,CDG,LFPG,2022-09-08 11:35,scheduled,285,0,0
6318dffc211b7a001ef5fa37,AA8393,AAL8393,TLV,LLBG,,2022-09-08 08:00,ZRH,LSZH,2022-09-08 11:20,scheduled,260,0,0
6318dffc211b7a001ef5fa38,AC9541,ACA9541,TLV,LLBG,,2022-09-08 08:00,FRA,EDDF,2022-09-08 11:30,scheduled,270,0,0
6318dffc211b7a001ef5fa39,LH695,DLH695,TLV,LLBG,,2022-09-08 08:00,FRA,EDDF,2022-09-08 11:30,scheduled,270,0,0
6318dffc211b7a001ef5fa3a,LY347,ELY347,TLV,LLBG,,2022-09-08 08:00,ZRH,LSZH,2022-09-08 11:20,scheduled,260,0,0
6318dffc211b7a001ef5fa3b,LY611,ELY611,TLV,LLBG,,2022-09-08 08:00,DME,UUDD,2022-09-08 13:45,scheduled,345,0,0
6318dffc211b7a001ef5fa3c,S74482,SBI4482,TLV,LLBG,,2022-09-08 08:00,DME,UUDD,2022-09-08 13:45,scheduled,345,0,0
6318dffc211b7a001ef5fa3d,UA9287,UAL9287,TLV,LLBG,,2022-09-08 08:00,FRA,EDDF,2022-09-08 11:30,scheduled,270,0,0
6318e08e6ff7b6c994fde799,U8104,CYF104,LCA,LCLK,,2022-09-08 07:05,TLV,LLBG,2022-09-08 08:05,scheduled,60,0,0
6318e08e6ff7b6c994fde7a1,A3926,AEE926,ATH,LGAV,,2022-09-08 07:25,TLV,LLBG,2022-09-08 09:25,scheduled,120,0,0
6318e08e6ff7b6c994fde7a2,JU7620,ASL7620,ATH,LGAV,,2022-09-08 07:25,TLV,LLBG,2022-09-08 09:25,scheduled,120,0,0
6318e08e6ff7b6c994fde7a6,A3548,AEE548,SKG,LGTS,,2022-09-08 07:35,TLV,LLBG,2022-09-08 09:45,scheduled,130,0,0
6318e08e6ff7b6c994fde7ab,U6825,SVR825,KRR,URKK,,2022-09-08 07:20,TLV,LLBG,2022-09-08 10:10,cancelled,170,0,0
6318e08e6ff7b6c994fde7b2,J221,AHY21,GYD,UBBB,,2022-09-08 08:35,TLV,LLBG,2022-09-08 11:00,scheduled,205,0,0
6318e590f4a2679b65c98fe0,PC791,PGT791,AYT,LTAI,,2022-09-08 07:30,TLV,LLBG,2022-09-08 09:05,scheduled,95,0,0
6318e85f080c0590f4d538f2,6H891,ISR891,TLV,LLBG,TBS,UGTB,en-route,0
6318e85f080c0590f4d538f3,6H762,ISR762,PRG,LKPR,TLV,LLBG,en-route,0
6318e85f080c0590f4d538fc,LY809,ELY809,TLV,LLBG,LGG,EBLG,en-route,0
6318e990080c0590f4d53c34,LY5464,ELY5464,LIS,LPPT,TLV,LLBG,en-route,0
6318e990080c0590f4d53c3d,6H890,ISR890,BUS,UGSB,TLV,LLBG,en-route,0
6318ed33e6a513f0e3f80241,6H42,ISR42,ETM,LLER,,2022-09-08 08:15,TLV,LLBG,2022-09-08 09:15,scheduled,60,0,0
6318ed33e6a513f0e3f80250,W62680,WZZ2680,JMK,LGMK,,2022-09-08 08:30,TLV,LLBG,2022-09-08 10:25,scheduled,115,0,0
6318ed33e6a513f0e3f8025b,EY598,ETD598,AUH,OMAA,,2022-09-08 09:30,TLV,LLBG,2022-09-08 11:55,scheduled,205,0,0
6318ed33e6a513f0e3f8025c,LY9600,ELY9600,AUH,OMAA,,2022-09-08 09:30,TLV,LLBG,2022-09-08 11:55,scheduled,205,0,0
6318f0ed2cf901c58e0d6f6d,RJ343,RJA343,TLV,LLBG,,2022-09-08 08:30,AMM,OJAI,2022-09-08 09:15,scheduled,45,0,0
6318f0ed2cf901c58e0d6f6e,TK7709,THY7709,TLV,LLBG,,2022-09-08 08:35,SAW,LTFJ,2022-09-08 10:40,scheduled,125,0,0
6318f0ed2cf901c58e0d6f6f,BZ692,BBG692,TLV,LLBG,,2022-09-08 08:55,RHO,LGRP,2022-09-08 10:40,scheduled,105,0,0
6318f0ed2cf901c58e0d6f70,9U548,MLD548,TLV,LLBG,,2022-09-08 09:00,KIV,LUKK,2022-09-08 11:45,scheduled,165,0,0
6318f0ed2cf901c58e0d6f71,AM7885,AMX7885,TLV,LLBG,,2022-09-08 09:00,CDG,LFPG,2022-09-08 12:50,scheduled,290,0,0
6318f0ed2cf901c58e0d6f72,LY323,ELY323,TLV,LLBG,,2022-09-08 09:00,CDG,LFPG,2022-09-08 12:50,scheduled,290,0,0
6318f3a72cf901c58e0d71ac,U8106,CYF106,LCA,LCLK,,2022-09-08 08:15,TLV,LLBG,2022-09-08 09:15,scheduled,60,0,0
6318f3a72cf901c58e0d71b4,XQ206,SXS206,AYT,LTAI,,2022-09-08 08:25,TLV,LLBG,2022-09-08 09:55,scheduled,90,0,0
6318f3a72cf901c58e0d71b8,PC795,PGT795,SAW,LTFJ,,2022-09-08 08:05,TLV,LLBG,2022-09-08 10:10,scheduled,125,0,0
6318f3a72cf901c58e0d71ba,TK7668,THY7668,AYT,LTAI,,2022-09-08 08:50,TLV,LLBG,2022-09-08 10:20,scheduled,90,0,0
6318f3a72cf901c58e0d71c2,GF972,GFA972,BAH,OBBI,,2022-09-08 09:00,TLV,LLBG,2022-09-08 11:50,scheduled,170,0,0
6318fe302cf901c58e0d7933,U81322,CYF1322,TLV,LLBG,,2022-09-08 09:05,DUS,EDDL,2022-09-08 13:00,scheduled,295,0,0
6318fe302cf901c58e0d7936,W63480,WZZ3480,TLV,LLBG,,2022-09-08 09:25,CLJ,LRCL,2022-09-08 12:30,scheduled,185,0,0
6318fe302cf901c58e0d7937,W63258,WZZ3258,TLV,LLBG,,2022-09-08 09:25,OTP,LROP,2022-09-08 12:15,scheduled,170,0,0
6318fe302cf901c58e0d7938,A9696,TGZ696,TLV,LLBG,,2022-09-08 09:40,TBS,UGTB,2022-09-08 13:00,scheduled,140,0,0
6318fe302cf901c58e0d7939,BZ888,BBG888,TLV,LLBG,,2022-09-08 09:50,JMK,LGMK,2022-09-08 11:40,scheduled,110,0,0
6318fe302cf901c58e0d793a,LH683,DLH683,TLV,LLBG,,2022-09-08 09:50,MUC,EDDM,2022-09-08 12:50,scheduled,240,0,0
6318fe302cf901c58e0d793b,UA9470,UAL9470,TLV,LLBG,,2022-09-08 09:50,MUC,EDDM,2022-09-08 12:50,scheduled,240,0,0
6318fe302cf901c58e0d793c,U81532,CYF1532,TLV,LLBG,,2022-09-08 09:50,PFO,LCPH,2022-09-08 10:55,scheduled,65,0,0
6318fe302cf901c58e0d793d,SN7166,BEL7166,TLV,LLBG,,2022-09-08 09:50,MUC,EDDM,2022-09-08 12:50,scheduled,240,0,0
6318fe302cf901c58e0d793e,6H43,ISR43,TLV,LLBG,,2022-09-08 10:00,ETM,LLER,2022-09-08 11:00,scheduled,60,0,0
6318fe302cf901c58e0d793f,LY2521,ELY2521,TLV,LLBG,,2022-09-08 10:00,PRG,LKPR,2022-09-08 13:00,scheduled,240,0,0
6318fe302cf901c58e0d79d7,LY2434,ELY2434,LCA,LCLK,,2022-09-08 09:30,TLV,LLBG,2022-09-08 10:35,scheduled,65,0,0
6318fe302cf901c58e0d79e2,IZ414,AIZ414,BUS,UGSB,,2022-09-08 11:00,TLV,LLBG,2022-09-08 12:30,scheduled,150,0,0
6318fe302cf901c58e0d79e3,QS414,TVS414,BUS,UGSB,,2022-09-08 11:00,TLV,LLBG,2022-09-08 12:30,scheduled,150,0,0
6319cd3174f6b22e9c6e7d22,HY302,UZB302,TLV,LLBG,,2022-09-08 10:10,TAS,UTTT,2022-09-08 17:00,active,290,0,0
6319cd3174f6b22e9c6e7d24,W63690,WZZ3690,TLV,LLBG,,2022-09-08 10:15,IAS,LRIA,2022-09-08 13:20,landed,185,0,0
6319cd3174f6b22e9c6e7d25,A3927,AEE927,TLV,LLBG,,2022-09-08 10:20,ATH,LGAV,2022-09-08 12:30,landed,130,25,0
6319cd3174f6b22e9c6e7d26,FB1514,LZB1514,TLV,LLBG,,2022-09-08 10:20,ATH,LGAV,2022-09-08 12:30,landed,130,25,0
6319cd3174f6b22e9c6e7d27,JU7621,ASL7621,TLV,LLBG,,2022-09-08 10:20,ATH,LGAV,2022-09-08 12:30,landed,130,25,0
6319cd3174f6b22e9c6e7d28,A3549,AEE549,TLV,LLBG,,2022-09-08 10:30,SKG,LGTS,2022-09-08 12:55,landed,145,23,0
6319cd3174f6b22e9c6e7d2e,LY31,ELY31,TLV,LLBG,,2022-09-08 11:00,YYZ,CYYZ,2022-09-08 15:45,active,705,2,0
6319cd3174f6b22e9c6e7d2f,U6726,SVR726,TLV,LLBG,,2022-09-08 11:00,SVX,USSS,2022-09-08 17:55,cancelled,295,0,0
6319cd3174f6b22e9c6e7d30,IZ211,AIZ211,TLV,LLBG,,2022-09-08 11:00,ATH,LGAV,2022-09-08 13:00,landed,120,0,0
6319cd3174f6b22e9c6e7d31,XQ207,SXS207,TLV,LLBG,,2022-09-08 11:05,AYT,LTAI,2022-09-08 12:45,landed,100,0,0
6319cd3174f6b22e9c6e7d32,W67900,WZZ7900,TLV,LLBG,,2022-09-08 11:10,DEB,LHDC,2022-09-08 13:35,active,205,0,0
6319cd3174f6b22e9c6e7d36,W62679,WZZ2679,TLV,LLBG,,2022-09-08 11:15,JMK,LGMK,2022-09-08 12:55,landed,100,0,0
6319cd3174f6b22e9c6e7d3e,J2322,AHY322,TLV,LLBG,,2022-09-08 12:00,GYD,UBBB,2022-09-08 16:05,active,185,0,0
6319cd3174f6b22e9c6e7d40,U6722,SVR722,TLV,LLBG,,2022-09-08 12:00,AER,URSS,2022-09-08 14:25,cancelled,145,0,0
6319cd3174f6b22e9c6e7d44,W64606,WZZ4606,TLV,LLBG,,2022-09-08 12:30,LCA,LCLK,2022-09-08 13:35,scheduled,65,0,0
6319cd3174f6b22e9c6e7d45,A3459,AEE459,TLV,LLBG,,2022-09-08 12:40,HER,LGIR,2022-09-08 14:25,scheduled,105,65,0
6319cd3174f6b22e9c6e7d46,AC83,ACA83,TLV,LLBG,,2022-09-08 12:50,YUL,CYUL,2022-09-08 16:50,scheduled,660,95,0
6319cd3174f6b22e9c6e7d47,UA8103,UAL8103,TLV,LLBG,,2022-09-08 12:50,YUL,CYUL,2022-09-08 16:50,scheduled,660,95,0
6319cd3174f6b22e9c6e7d48,U21526,EZY1526,TLV,LLBG,,2022-09-08 13:05,GVA,LSGG,2022-09-08 16:40,active,275,18,0
6319cd3174f6b22e9c6e7d50,PC778,PGT778,TLV,LLBG,,2022-09-08 13:35,SAW,LTFJ,2022-09-08 15:50,scheduled,135,0,0
6319cd3274f6b22e9c6e7d53,D84546,IBK4546,TLV,LLBG,,2022-09-08 13:55,ARN,ESSA,2022-09-08 17:45,scheduled,290,0,0
6319cd3274f6b22e9c6e7d54,BZ694,BBG694,TLV,LLBG,,2022-09-08 14:00,RHO,LGRP,2022-09-08 15:40,scheduled,100,0,0
6319cd3274f6b22e9c6e7d55,U8103,CYF103,TLV,LLBG,,2022-09-08 14:00,LCA,LCLK,2022-09-08 15:00,scheduled,60,0,0
6319cd3274f6b22e9c6e7d5b,LY355,ELY355,TLV,LLBG,,2022-09-08 14:45,FRA,EDDF,2022-09-08 18:15,scheduled,270,0,0
6319cd3274f6b22e9c6e7d5c,PC790,PGT790,TLV,LLBG,,2022-09-08 14:55,AYT,LTAI,2022-09-08 16:30,scheduled,95,0,0
6319cd3274f6b22e9c6e7d61,IZ271,AIZ271,TLV,LLBG,,2022-09-08 15:45,BCN,LEBL,2022-09-08 19:25,scheduled,280,0,0
6319cd3274f6b22e9c6e7d63,U8271,CYF271,TLV,LLBG,,2022-09-08 15:45,BCN,LEBL,2022-09-08 19:25,scheduled,280,0,0
6319cd3274f6b22e9c6e7d64,U6890,SVR890,TLV,LLBG,,2022-09-08 15:50,ZIA,UUBW,2022-09-08 19:50,cancelled,240,100,0
6319cd3274f6b22e9c6e7d6a,GF973,GFA973,TLV,LLBG,,2022-09-08 16:20,BAH,OBBI,2022-09-08 18:55,scheduled,155,0,0
6319cd3274f6b22e9c6e7d6b,W64218,WZZ4218,TLV,LLBG,,2022-09-08 16:20,BOJ,LBBG,2022-09-08 18:55,scheduled,155,0,0
6319cd3274f6b22e9c6e7d70,W65098,WZZ5098,TLV,LLBG,,2022-09-08 16:30,KRK,EPKK,2022-09-08 19:25,scheduled,235,0,0
6319cd3274f6b22e9c6e7d74,IZ213,AIZ213,TLV,LLBG,,2022-09-08 17:00,ATH,LGAV,2022-09-08 19:00,scheduled,120,0,0
6319cd3274f6b22e9c6e7d75,LY313,ELY313,TLV,LLBG,,2022-09-08 17:00,LTN,EGGW,2022-09-08 20:25,scheduled,325,0,0
6319cd3274f6b22e9c6e7d76,TO3453,TVF3453,TLV,LLBG,,2022-09-08 17:05,ORY,LFPO,2022-09-08 21:05,scheduled,300,0,0
6319cd3274f6b22e9c6e7d7e,BZ5455,BBG5455,TLV,LLBG,,2022-09-08 17:20,BOJ,LBBG,2022-09-08 19:50,scheduled,150,0,0
6319cd3274f6b22e9c6e7d80,LY2373,ELY2373,TLV,LLBG,,2022-09-08 17:30,BER,EDDB,2022-09-08 20:50,scheduled,260,0,0
6319cd3274f6b22e9c6e7d82,IB2390,IBE2390,TLV,LLBG,,2022-09-08 17:45,BCN,LEBL,2022-09-08 21:25,scheduled,280,0,0
6319cd3274f6b22e9c6e7d83,LY391,ELY391,TLV,LLBG,,2022-09-08 17:45,BCN,LEBL,2022-09-08 21:25,scheduled,280,0,0
6319cd3274f6b22e9c6e7d88,IZ417,AIZ417,TLV,LLBG,,2022-09-08 18:35,TBS,UGTB,2022-09-08 22:00,scheduled,145,0,0
6319cd3274f6b22e9c6e7d89,LO5156,LOT5156,TLV,LLBG,,2022-09-08 18:35,WAW,EPWA,2022-09-08 21:25,scheduled,230,0,0
6319cd3274f6b22e9c6e7d8a,LY561,ELY561,TLV,LLBG,,2022-09-08 18:35,WAW,EPWA,2022-09-08 21:25,scheduled,230,0,0
6319cd3274f6b22e9c6e7d8b,OS862,AUA862,TLV,LLBG,C03,2022-09-08 18:35,VIE,LOWW,2022-09-08 21:20,scheduled,225,0,0
6319cd3274f6b22e9c6e7d8c,QS417,TVS417,TLV,LLBG,,2022-09-08 18:35,TBS,UGTB,2022-09-08 22:00,scheduled,145,0,0
6319cd3274f6b22e9c6e7d8e,FR6747,RYR6747,TLV,LLBG,,2022-09-08 18:45,CRL,EBCI,2022-09-08 22:40,scheduled,295,0,0
6319cd3274f6b22e9c6e7d8f,IZ743,AIZ743,TLV,LLBG,,2022-09-08 19:00,CDG,LFPG,2022-09-08 22:55,scheduled,295,0,0
6319cd3274f6b22e9c6e7d94,FB572,LZB572,TLV,LLBG,,2022-09-08 19:20,SOF,LBSF,2022-09-08 22:00,scheduled,160,0,0
6319cd3274f6b22e9c6e7d95,JU7715,ASL7715,TLV,LLBG,,2022-09-08 19:20,SOF,LBSF,2022-09-08 22:00,scheduled,160,0,0
6319cd3274f6b22e9c6e7d97,FR6281,RYR6281,TLV,LLBG,,2022-09-08 19:45,BLQ,LIPE,2022-09-08 22:50,scheduled,245,0,0
6319cd3274f6b22e9c6e7d98,,MAY6281,TLV,LLBG,,2022-09-08 19:45,BLQ,LIPE,2022-09-08 22:50,scheduled,245,0,0
6319cd3274f6b22e9c6e7d9a,W63264,WZZ3264,TLV,LLBG,,2022-09-08 19:55,OTP,LROP,2022-09-08 22:45,scheduled,170,0,0
6319cd3274f6b22e9c6e7d9c,IZ387,AIZ387,TLV,LLBG,,2022-09-08 20:05,BEG,LYBE,2022-09-08 22:15,scheduled,190,0,0
6319cd3274f6b22e9c6e7d9d,U8105,CYF105,TLV,LLBG,,2022-09-08 20:10,LCA,LCLK,2022-09-08 21:10,scheduled,60,0,0
6319cd3274f6b22e9c6e7da1,LY5147,ELY5147,TLV,LLBG,,2022-09-08 20:40,SKG,LGTS,2022-09-08 23:15,scheduled,155,0,0
6319cd3274f6b22e9c6e7da2,QS5147,TVS5147,TLV,LLBG,,2022-09-08 20:40,SKG,LGTS,2022-09-08 23:15,scheduled,155,0,0
6319cd3274f6b22e9c6e7da4,HV5804,TRA5804,TLV,LLBG,,2022-09-08 20:55,AMS,EHAM,2022-09-09 00:55,scheduled,300,0,0
6319cd3274f6b22e9c6e7da9,5F448,FIA448,TLV,LLBG,,2022-09-08 21:40,KIV,LUKK,2022-09-09 00:30,scheduled,170,0,0
6319cd3274f6b22e9c6e7dab,W68204,WZZ8204,TLV,LLBG,,2022-09-08 21:50,CTA,LICC,2022-09-08 23:55,scheduled,185,0,0
6319cd3274f6b22e9c6e7db0,D83791,IBK3791,TLV,LLBG,,2022-09-08 22:45,CPH,EKCH,2022-09-09 02:15,scheduled,270,0,0
6319cd3274f6b22e9c6e7db3,AA53,AAL53,TLV,LLBG,,2022-09-08 23:00,MIA,KMIA,2022-09-09 05:33,scheduled,813,0,0
6319cd3274f6b22e9c6e7db4,TK7943,THY7943,TLV,LLBG,,2022-09-08 23:10,AYT,LTAI,2022-09-09 00:40,scheduled,90,0,0
6319cd3274f6b22e9c6e7db6,LY87,ELY87,TLV,LLBG,,2022-09-08 23:30,HKT,VTSP,2022-09-09 14:30,scheduled,660,0,0
6319cd3274f6b22e9c6e7db8,J222,AHY22,TLV,LLBG,,2022-09-08 23:45,GYD,UBBB,2022-09-09 03:50,scheduled,185,0,0
6319cd3274f6b22e9c6e7dbb,UA73,UAL73,TLV,LLBG,B7,2022-09-09 00:20,IAD,KIAD,2022-09-09 05:30,scheduled,730,0,0
6319cd3274f6b22e9c6e7dcc,NH5460,ANA5460,TLV,LLBG,,2022-09-09 04:50,FRA,EDDF,2022-09-09 08:20,scheduled,270,0,0
6319cd3274f6b22e9c6e7dd4,LA5824,LAN5824,TLV,LLBG,,2022-09-09 05:10,BCN,LEBL,2022-09-09 08:55,scheduled,285,0,0
6319cd3274f6b22e9c6e7dd5,OU359,CTN359,TLV,LLBG,,2022-09-09 05:10,ZAG,LDZA,2022-09-09 07:35,scheduled,205,0,0
6319cd3274f6b22e9c6e7dde,LY321,ELY321,TLV,LLBG,,2022-09-09 05:25,MRS,LFML,2022-09-09 08:55,scheduled,270,0,0
6319cd3274f6b22e9c6e7ddf,TP8902,TAP8902,TLV,LLBG,,2022-09-09 05:25,MRS,LFML,2022-09-09 08:55,scheduled,270,0,0
6319cd3274f6b22e9c6e7de5,AA8380,AAL8380,TLV,LLBG,,2022-09-09 06:00,MUC,EDDM,2022-09-09 09:05,scheduled,245,0,0
6319cd3274f6b22e9c6e7de9,LY353,ELY353,TLV,LLBG,,2022-09-09 06:00,MUC,EDDM,2022-09-09 09:05,scheduled,245,0,0
6319cd3274f6b22e9c6e7dec,LY563,ELY563,TLV,LLBG,,2022-09-09 06:10,WAW,EPWA,2022-09-09 09:00,scheduled,230,0,0
6319cd3274f6b22e9c6e7df8,IZ335,AIZ335,TLV,LLBG,,2022-09-09 07:25,FCO,LIRF,2022-09-09 10:05,scheduled,220,0,0
6319cd3274f6b22e9c6e7df9,QS335,TVS335,TLV,LLBG,,2022-09-09 07:25,FCO,LIRF,2022-09-09 10:05,scheduled,220,0,0
6319cd3274f6b22e9c6e7e09,W67502,WZZ7502,RHO,LGRP,05,2022-09-08 10:05,TLV,LLBG,2022-09-08 11:40,landed,95,0,0
6319cd3274f6b22e9c6e7e0b,A3492,AEE492,JMK,LGMK,,2022-09-08 10:05,TLV,LLBG,2022-09-08 11:50,landed,105,48,0
6319cd3274f6b22e9c6e7e0e,LY542,ELY542,ATH,LGAV,,2022-09-08 10:10,TLV,LLBG,2022-09-08 12:10,landed,120,35,0
6319cd3274f6b22e9c6e7e12,PC777,PGT777,SAW,LTFJ,,2022-09-08 10:30,TLV,LLBG,2022-09-08 12:35,landed,125,0,0
6319cd3274f6b22e9c6e7e13,6H44,ISR44,ETM,LLER,,2022-09-08 11:45,TLV,LLBG,2022-09-08 12:45,landed,60,0,0
6319cd3274f6b22e9c6e7e14,BZ887,BBG887,JMK,LGMK,,2022-09-08 11:10,TLV,LLBG,2022-09-08 13:00,scheduled,110,0,0
6319cd3274f6b22e9c6e7e15,U81533,CYF1533,PFO,LCPH,,2022-09-08 11:55,TLV,LLBG,2022-09-08 13:00,landed,65,0,0
6319cd3274f6b22e9c6e7e16,LY574,ELY574,OTP,LROP,,2022-09-08 10:45,TLV,LLBG,2022-09-08 13:20,landed,155,13,0
6319cd3274f6b22e9c6e7e18,BZ691,BBG691,RHO,LGRP,06,2022-09-08 11:40,TLV,LLBG,2022-09-08 13:30,active,110,22,0
6319cd3274f6b22e9c6e7e1a,PC789,PGT789,AYT,LTAI,,2022-09-08 12:20,TLV,LLBG,2022-09-08 13:55,active,95,29,0
6319cd3274f6b22e9c6e7e1d,U6829,SVR829,AER,URSS,,2022-09-08 12:45,TLV,LLBG,2022-09-08 15:15,cancelled,150,0,0
6319cd3274f6b22e9c6e7e1f,W64217,WZZ4217,BOJ,LBBG,,2022-09-08 13:15,TLV,LLBG,2022-09-08 15:30,active,135,0,0
6319cd3274f6b22e9c6e7e20,W65097,WZZ5097,KRK,EPKK,,2022-09-08 11:10,TLV,LLBG,2022-09-08 15:40,scheduled,210,120,0
6319cd3274f6b22e9c6e7e22,IZ212,AIZ212,ATH,LGAV,,2022-09-08 14:00,TLV,LLBG,2022-09-08 15:55,scheduled,115,0,0
6319cd3274f6b22e9c6e7e2c,AA8379,AAL8379,AMS,EHAM,G6,2022-09-08 11:25,TLV,LLBG,2022-09-08 16:55,active,270,58,0
6319cd3274f6b22e9c6e7e33,OS861,AUA861,VIE,LOWW,G12,2022-09-08 13:20,TLV,LLBG,2022-09-08 17:45,scheduled,205,0,0
6319cd3274f6b22e9c6e7e34,FR6746,RYR6746,CRL,EBCI,,2022-09-08 12:15,TLV,LLBG,2022-09-08 17:55,active,280,5,0
6319cd3274f6b22e9c6e7e3d,BZ693,BBG693,RHO,LGRP,06,2022-09-08 16:40,TLV,LLBG,2022-09-08 18:20,scheduled,100,0,0
6319cd3274f6b22e9c6e7e3e,FB571,LZB571,SOF,LBSF,,2022-09-08 16:00,TLV,LLBG,2022-09-08 18:30,scheduled,150,0,0
6319cd3274f6b22e9c6e7e3f,JU7714,ASL7714,SOF,LBSF,,2022-09-08 16:00,TLV,LLBG,2022-09-08 18:30,scheduled,150,0,0
6319cd3274f6b22e9c6e7e40,LY2522,ELY2522,PRG,LKPR,A2,2022-09-08 14:05,TLV,LLBG,2022-09-08 18:50,scheduled,225,0,0
6319cd3274f6b22e9c6e7e43,BZ801,BBG801,KGS,LGKO,9,2022-09-08 17:10,TLV,LLBG,2022-09-08 18:50,scheduled,100,0,0
6319cd3274f6b22e9c6e7e44,,MAY6280,BLQ,LIPE,19,2022-09-08 14:25,TLV,LLBG,2022-09-08 18:55,scheduled,210,0,0
6319cd3274f6b22e9c6e7e45,FR6280,RYR6280,BLQ,LIPE,19,2022-09-08 14:25,TLV,LLBG,2022-09-08 18:55,scheduled,210,0,0
6319cd3274f6b22e9c6e7e46,W63263,WZZ3263,OTP,LROP,,2022-09-08 16:15,TLV,LLBG,2022-09-08 18:55,scheduled,160,0,0
6319cd3274f6b22e9c6e7e4f,U81323,CYF1323,DUS,EDDL,,2022-09-08 13:50,TLV,LLBG,2022-09-08 19:20,scheduled,270,0,0
6319cd3274f6b22e9c6e7e51,U22565,EZY2565,MXP,LIMC,,2022-09-08 14:50,TLV,LLBG,2022-09-08 19:45,scheduled,235,0,0
6319cd3274f6b22e9c6e7e52,HV5803,TRA5803,AMS,EHAM,D56,2022-09-08 14:15,TLV,LLBG,2022-09-08 19:55,scheduled,280,0,0
6319cd3274f6b22e9c6e7e54,U21827,EZY1827,MAN,EGCC,2,2022-09-08 12:50,TLV,LLBG,2022-09-08 20:05,scheduled,315,0,0
6319cd3274f6b22e9c6e7e5e,5F447,FIA447,KIV,LUKK,,2022-09-08 18:10,TLV,LLBG,2022-09-08 20:50,scheduled,160,0,0
6319cd3274f6b22e9c6e7e5f,U8108,CYF108,LCA,LCLK,,2022-09-08 19:50,TLV,LLBG,2022-09-08 20:50,scheduled,60,0,0
6319cd3274f6b22e9c6e7e61,LY612,ELY612,DME,UUDD,,2022-09-08 15:00,TLV,LLBG,2022-09-08 20:55,scheduled,355,0,0
6319cd3274f6b22e9c6e7e62,S74483,SBI4483,DME,UUDD,,2022-09-08 15:00,TLV,LLBG,2022-09-08 20:55,scheduled,355,0,0
6319cd3274f6b22e9c6e7e63,W68203,WZZ8203,CTA,LICC,,2022-09-08 17:10,TLV,LLBG,2022-09-08 21:00,scheduled,170,0,0
6319cd3274f6b22e9c6e7e69,D83790,IBK3790,CPH,EKCH,C35,2022-09-08 16:20,TLV,LLBG,2022-09-08 21:45,scheduled,265,0,0
6319cd3274f6b22e9c6e7e6f,TK7942,THY7942,AYT,LTAI,,2022-09-08 20:40,TLV,LLBG,2022-09-08 22:10,scheduled,90,0,0
6319cd3274f6b22e9c6e7e79,J2321,AHY321,GYD,UBBB,,2022-09-08 20:20,TLV,LLBG,2022-09-08 22:45,scheduled,205,0,0
6319cd3274f6b22e9c6e7e80,BZ5456,BBG5456,BOJ,LBBG,,2022-09-08 21:10,TLV,LLBG,2022-09-08 23:25,scheduled,135,0,0
6319cd3274f6b22e9c6e7e86,BZ251,BBG251,BCN,LEBL,,2022-09-08 18:40,TLV,LLBG,2022-09-08 23:55,scheduled,255,0,0
6319cd3274f6b22e9c6e7e8c,AA8382,AAL8382,FRA,EDDF,C6,2022-09-08 19:30,TLV,LLBG,2022-09-09 00:40,scheduled,250,0,0
6319cd3274f6b22e9c6e7e8d,LY356,ELY356,FRA,EDDF,C6,2022-09-08 19:30,TLV,LLBG,2022-09-09 00:40,scheduled,250,0,0
6319cd3274f6b22e9c6e7e90,IZ418,AIZ418,TBS,UGTB,,2022-09-08 23:00,TLV,LLBG,2022-09-09 00:50,scheduled,170,0,0
6319cd3274f6b22e9c6e7e91,QS418,TVS418,TBS,UGTB,,2022-09-08 23:00,TLV,LLBG,2022-09-09 00:50,scheduled,170,0,0
6319cd3274f6b22e9c6e7e95,U8272,CYF272,BCN,LEBL,,2022-09-08 20:50,TLV,LLBG,2022-09-09 01:55,scheduled,245,0,0
6319cd3274f6b22e9c6e7e96,IZ272,AIZ272,BCN,LEBL,,2022-09-08 20:50,TLV,LLBG,2022-09-09 01:55,scheduled,245,0,0
6319cd3274f6b22e9c6e7e99,FB1528,LZB1528,ATH,LGAV,,2022-09-08 23:55,TLV,LLBG,2022-09-09 02:00,scheduled,125,0,0
6319cd3274f6b22e9c6e7e9f,IZ388,AIZ388,BEG,LYBE,,2022-09-08 23:15,TLV,LLBG,2022-09-09 03:05,scheduled,170,0,0
6319cd3274f6b22e9c6e7ea3,LY562,ELY562,WAW,EPWA,22N,2022-09-08 22:30,TLV,LLBG,2022-09-09 03:10,scheduled,220,0,0
6319cd3274f6b22e9c6e7ea4,LY2374,ELY2374,BER,EDDB,,2022-09-08 22:05,TLV,LLBG,2022-09-09 03:10,scheduled,245,0,0
6319cd3274f6b22e9c6e7eaf,IB2391,IBE2391,BCN,LEBL,,2022-09-08 22:40,TLV,LLBG,2022-09-09 03:50,scheduled,250,0,0
6319cd3274f6b22e9c6e7eb0,LY392,ELY392,BCN,LEBL,,2022-09-08 22:40,TLV,LLBG,2022-09-09 03:50,scheduled,250,0,0
6319cd3274f6b22e9c6e7eb1,BT771,BTI771,RIX,EVRA,,2022-09-08 23:25,TLV,LLBG,2022-09-09 03:50,scheduled,265,0,0
6319cd3274f6b22e9c6e7eb4,OU358,CTN358,ZAG,LDZA,,2022-09-09 00:00,TLV,LLBG,2022-09-09 04:05,scheduled,185,0,0
6319cd3274f6b22e9c6e7ebc,LY314,ELY314,LTN,EGGW,,2022-09-08 21:45,TLV,LLBG,2022-09-09 04:35,scheduled,290,0,0
6319cd3274f6b22e9c6e7ec5,IZ744,AIZ744,CDG,LFPG,,2022-09-09 00:25,TLV,LLBG,2022-09-09 05:55,scheduled,270,0,0
6319cd3274f6b22e9c6e7ecd,AT228,RAM228,CMN,GMMN,,2022-09-08 23:50,TLV,LLBG,2022-09-09 07:10,scheduled,320,0,0
6319cd3274f6b22e9c6e7ece,LY9660,ELY9660,CMN,GMMN,,2022-09-08 23:50,TLV,LLBG,2022-09-09 07:10,scheduled,320,0,0
6319cd3274f6b22e9c6e7ed5,W65455,WZZ5455,VCE,LIPZ,,2022-09-09 06:10,TLV,LLBG,2022-09-09 10:50,scheduled,220,0,0
6319cd3274f6b22e9c6e7eda,W61559,WZZ1559,WAW,EPWA,,2022-09-09 06:20,TLV,LLBG,2022-09-09 11:05,scheduled,225,0,0
6319cd3274f6b22e9c6e7edb,FR7161,RYR7161,VIE,LOWW,,2022-09-09 06:55,TLV,LLBG,2022-09-09 11:15,scheduled,200,0,0
6319cd3274f6b22e9c6e7edc,MS591,MSR591,CAI,HECA,,2022-09-09 08:50,TLV,LLBG,2022-09-09 11:15,scheduled,85,0,0
6319cd3274f6b22e9c6e7edd,TO3460,TVF3460,LYS,LFLL,,2022-09-09 06:15,TLV,LLBG,2022-09-09 11:30,scheduled,255,0,0
6319cd3274f6b22e9c6e7ede,AM7882,AMX7882,YYZ,CYYZ,,2022-09-08 18:00,TLV,LLBG,2022-09-09 11:40,scheduled,640,0,0
6319cd3274f6b22e9c6e7edf,LY32,ELY32,YYZ,CYYZ,,2022-09-08 18:00,TLV,LLBG,2022-09-09 11:40,scheduled,640,0,0
6319cd3274f6b22e9c6e7ee0,FR7090,RYR7090,FCO,LIRF,,2022-09-09 07:25,TLV,LLBG,2022-09-09 11:50,scheduled,205,0,0
6319cd3274f6b22e9c6e7ee1,,MAY7090,FCO,LIRF,,2022-09-09 07:25,TLV,LLBG,2022-09-09 11:50,scheduled,205,0,0
6319cd3274f6b22e9c6e7ee2,FR6754,RYR6754,BUD,LHBP,,2022-09-09 07:45,TLV,LLBG,2022-09-09 12:05,scheduled,200,0,0
6319cd3274f6b22e9c6e7ee3,RR6754,RYS6754,BUD,LHBP,,2022-09-09 07:45,TLV,LLBG,2022-09-09 12:05,scheduled,200,0,0
6319cd3274f6b22e9c6e7ee5,TO3450,TVF3450,ORY,LFPO,,2022-09-09 06:50,TLV,LLBG,2022-09-09 12:35,scheduled,285,0,0
6319cd3274f6b22e9c6e7ee6,FR5389,RYR5389,FMM,EDJA,,2022-09-09 07:55,TLV,LLBG,2022-09-09 12:45,scheduled,230,0,0
6319cd3274f6b22e9c6e7ee7,,MAY5389,FMM,EDJA,,2022-09-09 07:55,TLV,LLBG,2022-09-09 12:45,scheduled,230,0,0
6319cd3274f6b22e9c6e7ee8,U25831,EZY5831,BER,EDDB,,2022-09-09 08:00,TLV,LLBG,2022-09-09 13:15,scheduled,255,0,0
6319cd3274f6b22e9c6e7eea,LY16,ELY16,BOS,KBOS,,2022-09-08 20:30,TLV,LLBG,2022-09-09 13:50,scheduled,620,0,0
6319cd3274f6b22e9c6e7eef,AM6847,AMX6847,MAD,LEMD,,2022-09-09 08:45,TLV,LLBG,2022-09-09 14:20,scheduled,275,0,0
6319cd3274f6b22e9c6e7ef0,UX1301,AEA1301,MAD,LEMD,,2022-09-09 08:45,TLV,LLBG,2022-09-09 14:20,scheduled,275,0,0
6319cd3274f6b22e9c6e7ef8,LO5155,LOT5155,WAW,EPWA,,2022-09-09 10:10,TLV,LLBG,2022-09-09 14:50,scheduled,220,0,0
6319cd3274f6b22e9c6e7ef9,LY564,ELY564,WAW,EPWA,,2022-09-09 10:10,TLV,LLBG,2022-09-09 14:50,scheduled,220,0,0
6319cd3274f6b22e9c6e7efc,DL242,DAL242,BOS,KBOS,E6,2022-09-08 21:30,TLV,LLBG,2022-09-09 14:50,scheduled,620,0,0
6319cd3274f6b22e9c6e7efd,LY322,ELY322,MRS,LFML,,2022-09-09 10:00,TLV,LLBG,2022-09-09 14:55,scheduled,235,0,0
6319cd3274f6b22e9c6e7efe,TP8907,TAP8907,MRS,LFML,,2022-09-09 10:00,TLV,LLBG,2022-09-09 14:55,scheduled,235,0,0
6319cd3274f6b22e9c6e7eff,AA8381,AAL8381,MUC,EDDM,,2022-09-09 10:25,TLV,LLBG,2022-09-09 15:05,scheduled,220,0,0
6319cd3274f6b22e9c6e7f00,LY354,ELY354,MUC,EDDM,,2022-09-09 10:25,TLV,LLBG,2022-09-09 15:05,scheduled,220,0,0
6319cd3274f6b22e9c6e7f0d,UA140,UAL140,ORD,KORD,C20,2022-09-08 21:35,TLV,LLBG,2022-09-09 17:20,scheduled,705,0,0
6319d8b074f6b22e9c6e82df,LY5148,ELY5148,SKG,LGTS,,2022-09-09 00:30,TLV,LLBG,2022-09-09 02:45,scheduled,135,0,0
6319d8b074f6b22e9c6e82e1,QS5148,TVS5148,SKG,LGTS,,2022-09-09 00:30,TLV,LLBG,2022-09-09 02:45,scheduled,135,0,0